read, delay
1, 3.31
2, 2.94
3, 8.75
4, 4.97
5, 2.88
6, 6.50
7, 4.87
8, 2.82
9, 5.78
10, 3.96
11, 7.39
12, 5.11
13, 2.50
14, 6.35
15, 3.19
16, 6.59
17, 4.12
18, 8.28
19, 3.34
20, 7.56
21, 6.18
22, 3.87
23, 8.03
24, 5.75
25, 7.04
26, 5.02
27, 3.77
28, 7.38
29, 4.44
30, 2.99
31, 4.77
32, 7.81
33, 6.17
34, 4.80
35, 7.87
36, 5.10
37, 7.98
38, 4.69
39, 2.98
40, 6.06
41, 2.95
42, 7.18
43, 4.66
44, 8.19
45, 4.56
46, 7.70
47, 5.33
48, 4.15
49, 2.82
50, 6.34
51, 5.24
52, 2.98
53, 4.12
54, 8.05
55, 6.28
56, 5.64
57, 2.40
58, 6.06
59, 3.42
60, 7.37
61, 4.54
62, 7.72
63, 4.06
64, 2.92
65, 7.97
66, 4.03
67, 6.92
68, 4.39
69, 3.02
70, 5.96
71, 2.57
72, 5.46
73, 3.68
74, 7.52
75, 5.55
76, 7.59
77, 6.42
78, 2.74
79, 6.20
80, 4.44
81, 8.19
82, 6.96
83, 5.22
84, 5.59
85, 3.95
86, 2.64
87, 6.42
88, 3.90
89, 7.31
90, 5.87
91, 4.59
92, 8.34
93, 4.72
94, 2.70
95, 5.81
96, 7.14
97, 4.28
98, 2.82
99, 7.26
100, 6.00
101, 3.36
102, 5.35
103, 3.34
104, 5.40
105, 4.11
106, 7.61
107, 5.32
108, 3.83
109, 7.40
110, 5.36
111, 8.65
112, 6.27
113, 2.38
114, 6.10
115, 3.34
116, 7.93
117, 6.64
118, 4.14
119, 7.04
120, 5.53
121, 9.13
122, 5.44
123, 3.74
124, 7.62
125, 5.10
126, 2.96
127, 4.77
128, 8.07
129, 6.96
130, 3.87
131, 7.83
132, 5.34
133, 7.14
134, 5.13
135, 8.22
136, 5.26
137, 3.47
138, 6.63
139, 4.82
140, 7.78
141, 6.08
142, 7.15
143, 5.23
144, 3.06
145, 6.32
146, 2.41
147, 6.64
148, 5.83
149, 2.39
150, 6.27
151, 4.16
152, 2.94
153, 6.75
154, 4.28
155, 7.72
156, 4.37
157, 2.93
158, 5.07
159, 3.03
160, 7.80
161, 5.54
162, 3.91
163, 6.95
164, 3.08
165, 6.72
166, 4.51
167, 8.16
168, 4.19
169, 2.71
170, 5.02
171, 3.70
172, 8.16
173, 5.69
174, 3.83
175, 6.86
176, 3.12
177, 8.46
178, 7.17
179, 3.44
180, 6.35
181, 3.87
182, 8.50
183, 6.10
184, 2.48
185, 6.12
186, 3.58
187, 6.96
188, 4.93
189, 8.18
190, 6.65
191, 3.36
192, 6.27
193, 4.44
194, 7.41
195, 4.65
196, 7.98
197, 4.78
198, 2.68
199, 5.87
200, 4.62
201, 8.22
202, 4.84
203, 3.88
204, 6.36
205, 4.53
206, 7.60
207, 4.48
208, 3.31
209, 7.53
210, 5.00
211, 8.32
212, 6.63
213, 4.70
214, 8.37
215, 5.57
216, 8.24
217, 6.30
218, 3.82
219, 6.92
220, 3.14
221, 8.75
222, 4.70
223, 6.62
224, 4.69
225, 2.83
226, 6.27
227, 2.23
228, 5.78
229, 3.11
230, 6.66
231, 3.68
232, 8.02
233, 6.76
234, 4.68
235, 6.78
236, 2.88
237, 6.34
238, 4.21
239, 8.88
240, 6.99
241, 4.20
242, 8.58
243, 5.59
244, 8.96
245, 5.86
246, 3.24
247, 6.46
248, 4.22
249, 6.84
250, 5.41
251, 3.39
252, 6.66
253, 3.68
254, 6.56
255, 4.83
256, 8.80
257, 6.52
258, 2.68
259, 6.96
260, 3.88
261, 8.32
262, 4.41
263, 8.30
264, 6.95
265, 4.95
266, 7.60
267, 4.37
268, 3.03
269, 6.16
270, 4.46
271, 8.02
272, 3.36
273, 8.07
274, 5.71
275, 3.02
276, 7.28
277, 5.51
278, 8.68
279, 4.99
280, 3.74
281, 5.61
282, 4.09
283, 7.42
284, 3.45
285, 6.82
286, 5.35
287, 3.46
288, 7.28
289, 3.77
290, 8.95
291, 6.59
292, 3.38
293, 6.70
294, 4.08
295, 8.48
296, 6.80
297, 7.90
298, 6.42
299, 5.04
300, 2.73
301, 7.54
302, 5.18
303, 7.45
304, 4.99
305, 8.44
306, 5.90
307, 4.37
308, 8.95
309, 4.84
310, 7.79
311, 6.53
312, 5.27
313, 8.56
314, 4.91
315, 8.62
316, 7.19
317, 5.74
318, 3.86
319, 4.87
320, 8.12
321, 5.17
322, 8.31
323, 7.08
324, 3.32
325, 8.48
326, 4.61
327, 2.81
328, 6.50
329, 4.37
330, 7.68
331, 2.96
332, 6.94
333, 4.94
334, 3.50
335, 7.01
336, 5.70
337, 3.34
338, 5.24
339, 8.16
340, 5.10
341, 8.49
342, 6.68
343, 2.56
344, 5.90
345, 3.67
346, 7.31
347, 6.21
348, 4.12
349, 6.99
350, 4.01
351, 2.74
352, 6.52
353, 4.82
354, 8.31
355, 4.84
356, 8.32
357, 5.84
358, 4.09
359, 8.25
360, 6.12
361, 8.42
362, 6.22
363, 4.17
364, 7.42
365, 3.85
366, 6.75
367, 3.86
368, 7.48
369, 4.96
370, 8.52
371, 5.94
372, 4.73
373, 2.85
374, 4.32
375, 7.54
376, 6.00
377, 3.46
378, 6.39
379, 4.46
380, 6.21
381, 4.09
382, 2.36
383, 7.33
384, 5.25
385, 7.22
386, 4.84
387, 7.22
388, 3.93
389, 7.87
390, 6.25
391, 3.60
392, 7.21
393, 4.08
394, 8.29
395, 6.18
396, 3.12
397, 6.22
398, 2.21
399, 5.26
400, 3.54
401, 6.88
402, 4.23
403, 2.83
404, 5.96
405, 2.51
406, 5.49
407, 3.35
408, 6.25
409, 3.12
410, 7.25
411, 4.49
412, 2.42
413, 6.04
414, 3.61
415, 7.72
416, 6.32
417, 3.92
418, 6.21
419, 3.29
420, 7.06
421, 5.67
422, 3.60
423, 7.75
424, 3.89
425, 2.67
426, 7.01
427, 4.28
428, 2.40
429, 6.33
430, 2.70
431, 7.03
432, 4.11
433, 8.75
434, 5.57
435, 3.05
436, 6.63
437, 4.85
438, 3.34
439, 6.90
440, 3.72
441, 8.58
442, 3.68
443, 8.75
444, 5.53
445, 3.42
446, 7.72
447, 6.31
448, 2.96
449, 5.60
450, 3.94
451, 7.10
452, 5.34
453, 8.80
454, 5.06
455, 8.39
456, 5.70
457, 3.63
458, 6.73
459, 5.23
460, 7.75
461, 5.32
462, 4.07
463, 8.01
464, 5.69
465, 8.78
466, 5.55
467, 3.23
468, 7.30
469, 3.82
470, 7.05
471, 4.29
472, 8.63
473, 7.18
474, 4.21
475, 7.78
476, 3.62
477, 7.05
478, 5.58
479, 7.24
480, 5.20
481, 3.83
482, 2.67
483, 6.26
484, 3.19
485, 6.84
486, 3.47
487, 7.20
488, 5.74
489, 3.30
490, 7.29
491, 3.30
492, 5.57
493, 3.75
494, 8.48
495, 5.76
496, 8.78
497, 5.32
498, 8.26
499, 6.41
500, 4.40
501, 7.46
502, 4.73
503, 6.68
504, 3.90
505, 6.04
506, 8.24
507, 5.44
508, 4.32
509, 3.06
510, 6.72
511, 5.39
512, 3.83
513, 7.10
514, 5.58
515, 8.73
516, 7.08
517, 5.32
518, 3.71
519, 5.84
520, 4.88
521, 8.98
522, 6.30
523, 4.74
524, 2.08
525, 7.96
526, 4.36
527, 7.29
528, 4.58
529, 8.34
530, 6.58
531, 3.33
532, 6.87
533, 5.68
534, 3.59
535, 5.17
536, 8.05
537, 6.19
538, 3.86
539, 7.84
540, 5.73
541, 8.81
542, 6.99
543, 3.06
544, 5.79
545, 3.76
546, 7.83
547, 3.19
548, 6.34
549, 5.09
550, 8.57
551, 6.27
552, 4.16
553, 7.58
554, 6.42
555, 4.71
556, 5.91
557, 3.32
558, 7.70
559, 6.18
560, 9.04
561, 7.73
562, 4.34
563, 8.00
564, 5.13
565, 3.50
566, 7.68
567, 4.59
568, 6.65
569, 8.77
570, 5.96
571, 2.99
572, 6.88
573, 4.89
574, 7.84
575, 5.71
576, 3.55
577, 2.44
578, 5.58
579, 3.20
580, 6.34
581, 2.63
582, 8.11
583, 4.08
584, 7.88
585, 6.66
586, 4.72
587, 3.54
588, 7.20
589, 5.98
590, 3.99
591, 7.64
592, 3.82
593, 8.47
594, 6.64
595, 4.10
596, 2.78
597, 5.96
598, 4.05
599, 7.88
600, 3.47
601, 7.94
602, 6.07
603, 4.31
604, 7.54
605, 5.29
606, 8.03
607, 5.89
608, 3.24
609, 6.60
610, 3.22
611, 7.11
612, 4.95
613, 8.02
614, 4.84
615, 10.04
616, 6.68
617, 4.73
618, 8.57
619, 5.92
620, 4.42
621, 6.38
622, 4.90
623, 8.06
624, 5.45
625, 9.07
626, 5.20
627, 3.67
628, 6.57
629, 5.42
630, 3.04
631, 4.00
632, 2.21
633, 7.10
634, 3.17
635, 6.30
636, 3.49
637, 6.84
638, 5.13
639, 8.98
640, 4.85
641, 3.07
642, 6.11
643, 3.16
644, 6.42
645, 4.34
646, 7.58
647, 3.61
648, 6.85
649, 4.71
650, 3.11
651, 7.27
652, 4.38
653, 6.88
654, 5.66
655, 2.58
656, 6.11
657, 3.88
658, 7.28
659, 6.08
660, 4.49
661, 7.65
662, 3.72
663, 2.56
664, 8.29
665, 4.51
666, 7.40
667, 5.06
668, 8.04
669, 6.62
670, 3.02
671, 6.16
672, 4.41
673, 7.41
674, 4.97
675, 8.32
676, 7.15
677, 3.27
678, 7.12
679, 5.94
680, 8.13
681, 6.07
682, 2.28
683, 5.41
684, 3.56
685, 7.96
686, 4.23
687, 7.56
688, 5.39
689, 8.31
690, 6.26
691, 2.61
692, 4.97
693, 3.59
694, 8.19
695, 5.78
696, 4.19
697, 7.84
698, 4.30
699, 7.37
700, 6.04
701, 3.74
702, 6.79
703, 5.12
704, 7.68
705, 5.13
706, 3.04
707, 7.15
708, 4.25
709, 7.30
710, 5.22
711, 3.06
712, 5.22
713, 3.01
714, 6.16
715, 4.88
716, 3.38
717, 5.59
718, 7.81
719, 6.08
720, 2.99
721, 8.56
722, 5.04
723, 7.91
724, 5.94
725, 3.14
726, 7.02
727, 4.24
728, 7.75
729, 3.80
730, 6.79
731, 4.77
732, 6.85
733, 5.37
734, 8.10
735, 5.57
736, 3.72
737, 2.48
738, 4.82
739, 8.60
740, 7.08
741, 5.21
742, 8.17
743, 5.06
744, 8.02
745, 5.12
746, 3.45
747, 7.98
748, 4.96
749, 6.93
750, 5.98
751, 7.44
752, 6.18
753, 3.86
754, 6.97
755, 5.33
756, 8.32
757, 6.62
758, 2.94
759, 8.65
760, 4.70
761, 7.83
762, 6.40
763, 8.40
764, 6.53
765, 2.55
766, 6.04
767, 4.49
768, 3.34
769, 5.40
770, 9.14
771, 7.64
772, 3.55
773, 8.56
774, 4.75
775, 7.31
776, 6.11
777, 2.18
778, 5.09
779, 3.62
780, 2.30
781, 6.16
782, 3.04
783, 7.86
784, 5.84
785, 4.54
786, 8.31
787, 5.90
788, 7.96
789, 6.10
790, 3.46
791, 7.10
792, 4.01
793, 8.84
794, 7.22
795, 4.15
796, 6.20
797, 3.91
798, 2.65
799, 5.86
800, 7.67
801, 6.02
802, 5.48
803, 8.67
804, 6.02
805, 3.61
806, 6.01
807, 4.62
808, 3.46
809, 5.10
810, 3.29
811, 7.30
812, 4.94
813, 7.06
814, 5.54
815, 4.02
816, 7.42
817, 3.32
818, 6.44
819, 4.68
820, 3.44
821, 6.99
822, 2.16
823, 7.62
824, 6.46
825, 7.87
826, 5.40
827, 3.49
828, 7.56
829, 6.23
830, 3.30
831, 6.69
832, 3.33
833, 7.09
834, 4.38
835, 7.83
836, 5.79
837, 4.44
838, 7.42
839, 5.94
840, 7.56
841, 5.68
842, 3.09
843, 6.14
844, 4.28
845, 8.08
846, 4.33
847, 7.79
848, 5.57
849, 4.37
850, 7.92
851, 6.62
852, 4.10
853, 7.94
854, 6.00
855, 4.48
856, 6.78
857, 3.67
858, 7.52
859, 4.80
860, 8.76
861, 5.23
862, 3.04
863, 7.40
864, 4.53
865, 2.54
866, 6.15
867, 3.19
868, 6.68
869, 3.20
870, 7.26
871, 3.29
872, 7.73
873, 5.10
874, 2.95
875, 6.98
876, 5.18
877, 6.59
878, 3.81
879, 7.83
880, 5.50
881, 4.12
882, 7.95
883, 4.04
884, 7.36
885, 5.87
886, 4.21
887, 7.80
888, 5.36
889, 4.12
890, 5.77
891, 4.38
892, 7.77
893, 4.86
894, 3.04
895, 6.50
896, 2.47
897, 7.64
898, 6.44
899, 3.14
900, 6.79
901, 4.74
902, 7.37
903, 5.87
904, 8.83
905, 4.76
906, 3.56
907, 2.33
908, 4.48
909, 7.75
910, 5.90
911, 2.23
912, 7.74
913, 3.66
914, 5.62
915, 3.88
916, 7.47
917, 4.04
918, 9.14
919, 8.04
920, 4.05
921, 5.94
922, 4.80
923, 3.30
924, 7.68
925, 4.90
926, 3.21
927, 6.30
928, 2.76
929, 6.08
930, 8.19
931, 6.31
932, 4.58
933, 3.21
934, 6.99
935, 8.36
936, 5.77
937, 4.60
938, 3.48
939, 6.68
940, 4.22
941, 8.39
942, 6.36
943, 4.18
944, 6.52
945, 3.54
946, 7.42
947, 5.28
948, 6.61
949, 5.20
950, 3.90
951, 7.43
952, 6.30
953, 3.80
954, 7.32
955, 4.74
956, 7.10
957, 5.65
958, 8.64
959, 6.68
960, 4.34
961, 5.31
962, 3.76
963, 2.35
964, 5.94
965, 8.59
966, 6.57
967, 4.84
968, 2.91
969, 5.83
970, 3.03
971, 5.24
972, 2.55
973, 6.16
974, 2.58
975, 8.37
976, 6.63
977, 4.18
978, 8.30
979, 3.60
980, 8.18
981, 5.09
982, 8.11
983, 6.55
984, 4.20
985, 8.09
986, 5.94
987, 8.01
988, 5.80
989, 4.12
990, 7.69
991, 4.48
992, 7.69
993, 6.50
994, 4.27
995, 7.52
996, 4.94
997, 3.67
998, 6.79
999, 4.72
1000, 7.35
1001, 4.88
1002, 3.57
1003, 7.34
1004, 4.23
1005, 6.52
1006, 3.44
1007, 6.56
1008, 3.44
1009, 8.10
1010, 4.66
1011, 2.89
1012, 6.22
1013, 3.30
1014, 7.41
1015, 5.64
1016, 8.26
1017, 4.72
1018, 2.52
1019, 6.25
1020, 4.55
1021, 2.85
1022, 5.78
1023, 8.85
1024, 7.14
1025, 5.10
1026, 8.79
1027, 6.52
1028, 4.69
1029, 5.98
1030, 4.75
1031, 8.47
1032, 7.18
1033, 4.17
1034, 6.65
1035, 3.95
1036, 2.72
1037, 6.99
1038, 4.56
1039, 2.98
1040, 6.72
1041, 3.78
1042, 6.02
1043, 3.07
1044, 6.77
1045, 5.27
1046, 3.54
1047, 5.94
1048, 8.14
1049, 5.14
1050, 3.06
1051, 7.33
1052, 4.84
1053, 8.69
1054, 7.53
1055, 5.94
1056, 3.44
1057, 4.54
1058, 3.40
1059, 7.01
1060, 5.34
1061, 8.34
1062, 5.62
1063, 9.01
1064, 5.20
1065, 3.89
1066, 6.86
1067, 5.62
1068, 3.26
1069, 4.29
1070, 2.76
1071, 8.40
1072, 4.40
1073, 7.40
1074, 4.58
1075, 8.08
1076, 6.39
1077, 4.83
1078, 8.64
1079, 5.02
1080, 3.51
1081, 6.88
1082, 4.14
1083, 6.47
1084, 3.65
1085, 7.81
1086, 6.24
1087, 3.17
1088, 6.95
1089, 5.52
1090, 3.15
1091, 7.90
1092, 4.85
1093, 6.61
1094, 5.15
1095, 2.65
1096, 7.04
1097, 4.91
1098, 3.08
1099, 6.29
1100, 7.66
1101, 5.72
1102, 4.24
1103, 7.95
1104, 4.87
1105, 7.96
1106, 4.48
1107, 2.99
1108, 6.02
1109, 3.42
1110, 7.59
1111, 5.35
1112, 8.33
1113, 4.86
1114, 8.13
1115, 5.66
1116, 3.60
1117, 7.60
1118, 4.78
1119, 7.85
1120, 6.24
1121, 3.36
1122, 7.61
1123, 3.89
1124, 2.12
1125, 5.12
1126, 8.46
1127, 5.92
1128, 3.87
1129, 7.71
1130, 3.42
1131, 8.05
1132, 6.20
1133, 4.78
1134, 8.52
1135, 6.15
1136, 2.76
1137, 5.94
1138, 4.70
1139, 8.43
1140, 5.36
1141, 8.38
1142, 4.61
1143, 8.22
1144, 6.47
1145, 4.79
1146, 8.38
1147, 6.02
1148, 4.22
1149, 5.22
1150, 3.66
1151, 7.07
1152, 4.73
1153, 3.45
1154, 6.49
1155, 3.05
1156, 6.07
1157, 4.67
1158, 8.40
1159, 6.59
1160, 4.35
1161, 8.05
1162, 6.15
1163, 5.06
1164, 8.53
1165, 5.03
1166, 2.62
1167, 5.95
1168, 3.87
1169, 7.46
1170, 4.23
1171, 7.92
1172, 6.21
1173, 4.31
1174, 7.93
1175, 5.00
1176, 3.86
1177, 5.51
1178, 3.92
1179, 7.29
1180, 4.40
1181, 2.72
1182, 6.22
1183, 3.28
1184, 7.66
1185, 5.73
1186, 2.76
1187, 6.40
1188, 4.48
1189, 5.55
1190, 3.83
1191, 7.15
1192, 4.04
1193, 8.62
1194, 6.62
1195, 3.74
1196, 6.20
1197, 3.87
1198, 7.52
1199, 6.24
1200, 2.64
1201, 4.66
1202, 3.19
1203, 6.28
1204, 4.31
1205, 7.43
1206, 5.79
1207, 8.68
1208, 5.10
1209, 3.37
1210, 7.11
1211, 4.62
1212, 8.04
1213, 4.09
1214, 6.98
1215, 5.73
1216, 4.18
1217, 7.47
1218, 4.77
1219, 3.39
1220, 6.94
1221, 3.03
1222, 6.02
1223, 3.60
1224, 8.24
1225, 6.91
1226, 8.82
1227, 7.61
1228, 5.91
1229, 2.14
1230, 7.17
1231, 3.52
1232, 5.44
1233, 3.37
1234, 6.49
1235, 2.68
1236, 8.02
1237, 6.40
1238, 3.08
1239, 6.32
1240, 4.98
1241, 4.93
1242, 3.70
1243, 7.14
1244, 5.64
1245, 3.01
1246, 6.96
1247, 4.66
1248, 8.23
1249, 6.23
1250, 2.73
1251, 8.26
1252, 4.55
1253, 7.43
1254, 5.28
1255, 3.04
1256, 7.62
1257, 2.67
1258, 6.57
1259, 4.81
1260, 7.95
1261, 6.00
1262, 3.37
1263, 6.31
1264, 2.23
1265, 5.14
1266, 8.22
1267, 6.92
1268, 5.50
1269, 7.59
1270, 6.15
1271, 4.55
1272, 5.54
1273, 4.60
1274, 6.59
1275, 4.32
1276, 2.81
1277, 7.34
1278, 4.75
1279, 7.93
1280, 6.36
1281, 4.14
1282, 8.28
1283, 5.19
1284, 3.41
1285, 6.28
1286, 3.15
1287, 7.07
1288, 4.28
1289, 7.68
1290, 4.35
1291, 7.15
1292, 5.82
1293, 4.16
1294, 7.73
1295, 3.66
1296, 6.82
1297, 4.59
1298, 3.17
1299, 6.36
1300, 3.84
1301, 5.72
1302, 2.64
1303, 6.68
1304, 4.27
1305, 2.84
1306, 6.22
1307, 3.89
1308, 7.86
1309, 3.68
1310, 7.72
1311, 6.09
1312, 3.94
1313, 8.36
1314, 5.72
1315, 4.03
1316, 5.66
1317, 3.26
1318, 7.35
1319, 4.98
1320, 3.79
1321, 7.40
1322, 5.19
1323, 3.78
1324, 7.94
1325, 4.47
1326, 3.30
1327, 8.41
1328, 6.77
1329, 5.54
1330, 8.73
1331, 5.44
1332, 4.77
1333, 8.48
1334, 4.93
1335, 3.13
1336, 8.93
1337, 4.93
1338, 3.15
1339, 6.10
1340, 8.97
1341, 7.63
1342, 4.20
1343, 2.30
1344, 5.48
1345, 3.49
1346, 5.62
1347, 8.70
1348, 6.28
1349, 4.52
1350, 8.14
1351, 5.43
1352, 8.72
1353, 3.78
1354, 7.88
1355, 5.79
1356, 7.76
1357, 6.24
1358, 4.66
1359, 8.47
1360, 7.13
1361, 3.45
1362, 8.84
1363, 5.22
1364, 7.11
1365, 4.79
1366, 2.95
1367, 7.77
1368, 5.16
1369, 3.80
1370, 7.59
1371, 6.04
1372, 2.76
1373, 5.67
1374, 3.42
1375, 7.50
1376, 5.91
1377, 8.19
1378, 4.34
1379, 8.41
1380, 6.60
1381, 3.86
1382, 7.12
1383, 4.70
1384, 8.82
1385, 7.02
1386, 3.07
1387, 5.48
1388, 3.45
1389, 6.62
1390, 4.23
1391, 6.51
1392, 4.92
1393, 7.99
1394, 5.57
1395, 3.76
1396, 7.28
1397, 5.90
1398, 3.33
1399, 6.04
1400, 5.17
1401, 7.36
1402, 4.94
1403, 9.78
1404, 4.69
1405, 8.06
1406, 6.54
1407, 5.01
1408, 2.90
1409, 6.46
1410, 4.46
1411, 7.32
1412, 3.54
1413, 6.89
1414, 3.81
1415, 8.10
1416, 6.26
1417, 8.29
1418, 4.89
1419, 3.18
1420, 7.08
1421, 5.33
1422, 2.99
1423, 6.39
1424, 4.60
1425, 7.48
1426, 5.80
1427, 2.84
1428, 6.86
1429, 3.86
1430, 6.36
1431, 4.65
1432, 7.54
1433, 5.34
1434, 8.47
1435, 4.58
1436, 7.70
1437, 6.15
1438, 3.63
1439, 6.85
1440, 4.82
1441, 8.36
1442, 6.87
1443, 2.88
1444, 6.64
1445, 3.57
1446, 7.31
1447, 5.32
1448, 6.29
1449, 5.10
1450, 3.17
1451, 6.51
1452, 5.16
1453, 8.64
1454, 6.05
1455, 2.91
1456, 5.84
1457, 3.29
1458, 7.41
1459, 5.32
1460, 2.63
1461, 6.34
1462, 5.06
1463, 3.81
1464, 6.99
1465, 3.40
1466, 6.32
1467, 3.83
1468, 8.50
1469, 7.41
1470, 5.02
1471, 8.72
1472, 5.05
1473, 8.42
1474, 5.86
1475, 4.52
1476, 7.40
1477, 4.27
1478, 8.27
1479, 5.09
1480, 3.22
1481, 6.99
1482, 3.76
1483, 8.70
1484, 7.54
1485, 2.75
1486, 5.68
1487, 4.20
1488, 7.44
1489, 5.41
1490, 8.64
1491, 4.10
1492, 8.10
1493, 6.84
1494, 4.47
1495, 7.36
1496, 5.67
1497, 4.06
1498, 6.36
1499, 4.33
1500, 7.04
1501, 5.93
1502, 7.94
1503, 4.92
1504, 3.76
1505, 7.30
1506, 5.78
1507, 8.64
1508, 4.56
1509, 2.83
1510, 6.52
1511, 3.88
1512, 7.33
1513, 4.37
1514, 8.69
1515, 6.66
1516, 3.76
1517, 8.20
1518, 3.28
1519, 6.13
1520, 4.84
1521, 8.05
1522, 5.75
1523, 4.11
1524, 6.00
1525, 3.25
1526, 6.56
1527, 4.58
1528, 8.00
1529, 5.58
1530, 4.42
1531, 6.87
1532, 5.98
1533, 8.02
1534, 5.41
1535, 4.13
1536, 7.29
1537, 3.18
1538, 5.97
1539, 4.51
1540, 3.34
1541, 7.90
1542, 5.60
1543, 3.16
1544, 5.50
1545, 3.52
1546, 6.68
1547, 3.67
1548, 6.95
1549, 4.88
1550, 3.23
1551, 6.49
1552, 3.60
1553, 6.61
1554, 3.04
1555, 6.80
1556, 4.58
1557, 8.53
1558, 6.74
1559, 4.52
1560, 6.38
1561, 5.09
1562, 7.18
1563, 5.44
1564, 8.81
1565, 6.36
1566, 5.12
1567, 3.83
1568, 5.50
1569, 3.05
1570, 6.96
1571, 4.03
1572, 8.86
1573, 4.85
1574, 2.67
1575, 5.94
1576, 4.00
1577, 7.84
1578, 2.81
1579, 8.70
1580, 6.61
1581, 4.91
1582, 7.80
1583, 5.39
1584, 2.71
1585, 6.58
1586, 4.44
1587, 6.22
1588, 4.41
1589, 3.05
1590, 6.38
1591, 4.34
1592, 7.52
1593, 4.92
1594, 7.15
1595, 4.08
1596, 7.66
1597, 5.60
1598, 3.92
1599, 4.93
1600, 3.34
1601, 8.70
1602, 7.08
1603, 3.63
1604, 7.24
1605, 4.73
1606, 8.34
1607, 6.88
1608, 3.59
1609, 5.97
1610, 4.79
1611, 7.94
1612, 5.54
1613, 3.48
1614, 7.96
1615, 5.43
1616, 2.18
1617, 6.24
1618, 3.58
1619, 7.58
1620, 5.28
1621, 6.24
1622, 4.53
1623, 3.73
1624, 5.17
1625, 8.22
1626, 6.50
1627, 3.20
1628, 8.47
1629, 4.52
1630, 8.38
1631, 6.80
1632, 4.20
1633, 2.51
1634, 7.17
1635, 4.68
1636, 7.74
1637, 3.84
1638, 2.22
1639, 4.29
1640, 8.29
1641, 6.04
1642, 3.18
1643, 7.48
1644, 5.35
1645, 3.82
1646, 5.00
1647, 7.97
1648, 5.96
1649, 3.71
1650, 7.88
1651, 4.22
1652, 7.34
1653, 5.73
1654, 4.60
1655, 7.80
1656, 4.78
1657, 8.08
1658, 3.99
1659, 9.09
1660, 5.46
1661, 2.85
1662, 6.97
1663, 4.25
1664, 8.53
1665, 6.20
1666, 2.78
1667, 6.50
1668, 4.31
1669, 3.15
1670, 5.87
1671, 4.00
1672, 7.40
1673, 3.86
1674, 2.39
1675, 5.28
1676, 8.36
1677, 6.19
1678, 2.71
1679, 5.72
1680, 3.54
1681, 8.21
1682, 5.53
1683, 3.07
1684, 7.21
1685, 5.84
1686, 8.71
1687, 6.17
1688, 2.44
1689, 6.21
1690, 4.62
1691, 7.91
1692, 5.60
1693, 4.02
1694, 7.62
1695, 4.26
1696, 7.40
1697, 5.41
1698, 8.46
1699, 5.40
1700, 3.34
1701, 4.62
1702, 3.46
1703, 6.97
1704, 4.20
1705, 2.82
1706, 6.93
1707, 3.66
1708, 5.88
1709, 4.28
1710, 2.89
1711, 8.56
1712, 5.00
1713, 2.53
1714, 5.47
1715, 4.06
1716, 5.13
1717, 8.64
1718, 7.06
1719, 4.98
1720, 3.76
1721, 7.22
1722, 4.18
1723, 7.31
1724, 3.25
1725, 6.12
1726, 4.73
1727, 7.74
1728, 6.48
1729, 4.10
1730, 7.67
1731, 4.26
1732, 7.55
1733, 6.36
1734, 4.04
1735, 7.87
1736, 6.50
1737, 4.72
1738, 7.99
1739, 5.19
1740, 3.69
1741, 4.92
1742, 2.98
1743, 6.51
1744, 3.64
1745, 8.40
1746, 7.00
1747, 4.00
1748, 6.52
1749, 3.70
1750, 7.23
1751, 5.10
1752, 8.00
1753, 3.07
1754, 7.26
1755, 4.94
1756, 3.50
1757, 6.45
1758, 4.83
1759, 8.12
1760, 4.24
1761, 2.83
1762, 4.80
1763, 8.22
1764, 6.61
1765, 4.47
1766, 8.33
1767, 6.30
1768, 3.79
1769, 6.71
1770, 3.89
1771, 8.24
1772, 5.26
1773, 8.54
1774, 5.23
1775, 2.74
1776, 6.87
1777, 5.19
1778, 7.85
1779, 6.56
1780, 5.40
1781, 8.59
1782, 6.80
1783, 4.22
1784, 5.83
1785, 3.74
1786, 6.89
1787, 5.76
1788, 8.77
1789, 7.17
1790, 8.11
1791, 5.91
1792, 3.77
1793, 5.83
1794, 4.48
1795, 7.62
1796, 6.37
1797, 2.92
1798, 8.51
1799, 5.29
1800, 8.25
1801, 6.64
1802, 4.16
1803, 7.42
1804, 3.40
1805, 7.94
1806, 7.16
1807, 3.38
1808, 7.60
1809, 4.59
1810, 7.71
1811, 4.92
1812, 6.32
1813, 5.16
1814, 3.96
1815, 2.55
1816, 5.68
1817, 3.45
1818, 6.70
1819, 5.54
1820, 7.46
1821, 4.32
1822, 7.84
1823, 6.47
1824, 5.16
1825, 8.40
1826, 5.54
1827, 2.78
1828, 4.92
1829, 3.24
1830, 5.97
1831, 4.22
1832, 2.69
1833, 5.75
1834, 3.58
1835, 7.14
1836, 3.08
1837, 6.91
1838, 4.37
1839, 8.77
1840, 6.24
1841, 4.48
1842, 7.78
1843, 3.32
1844, 7.25
1845, 5.52
1846, 8.52
1847, 5.73
1848, 8.16
1849, 7.38
1850, 6.11
1851, 2.60
1852, 5.58
1853, 8.57
1854, 5.79
1855, 2.42
1856, 6.28
1857, 4.52
1858, 7.85
1859, 4.84
1860, 3.24
1861, 4.74
1862, 3.54
1863, 8.42
1864, 4.79
1865, 3.45
1866, 7.21
1867, 5.55
1868, 2.83
1869, 5.74
1870, 3.74
1871, 7.43
1872, 4.24
1873, 7.30
1874, 5.09
1875, 3.24
1876, 7.84
1877, 5.15
1878, 8.57
1879, 5.00
1880, 8.40
1881, 6.87
1882, 3.83
1883, 7.65
1884, 6.18
1885, 2.39
1886, 5.08
1887, 3.34
1888, 8.08
1889, 5.12
1890, 3.93
1891, 7.63
1892, 3.10
1893, 7.45
1894, 4.44
1895, 7.71
1896, 5.66
1897, 4.55
1898, 7.53
1899, 4.45
1900, 6.77
1901, 4.31
1902, 2.55
1903, 6.18
1904, 3.47
1905, 6.88
1906, 3.77
1907, 3.15
1908, 5.42
1909, 2.73
1910, 6.08
1911, 4.72
1912, 8.58
1913, 5.18
1914, 2.80
1915, 6.24
1916, 4.90
1917, 7.34
1918, 5.91
1919, 4.09
1920, 7.33
1921, 5.60
1922, 7.54
1923, 5.20
1924, 3.31
1925, 6.48
1926, 4.37
1927, 7.96
1928, 6.40
1929, 4.23
1930, 8.10
1931, 6.62
1932, 2.36
1933, 6.76
1934, 4.37
1935, 8.22
1936, 6.24
1937, 4.95
1938, 6.55
1939, 4.26
1940, 3.06
1941, 5.95
1942, 4.20
1943, 7.66
1944, 3.89
1945, 7.30
1946, 4.90
1947, 3.06
1948, 6.06
1949, 4.94
1950, 8.06
1951, 3.54
1952, 8.05
1953, 6.11
1954, 3.41
1955, 6.95
1956, 3.12
1957, 6.50
1958, 5.23
1959, 3.86
1960, 6.90
1961, 3.93
1962, 8.50
1963, 5.82
1964, 8.82
1965, 5.20
1966, 2.84
1967, 7.30
1968, 5.74
1969, 3.33
1970, 6.80
1971, 5.20
1972, 3.81
1973, 7.06
1974, 3.02
1975, 6.21
1976, 4.00
1977, 6.32
1978, 3.91
1979, 7.66
1980, 6.90
1981, 3.69
1982, 7.00
1983, 5.22
1984, 3.92
1985, 7.58
1986, 5.38
1987, 4.31
1988, 6.12
1989, 4.76
1990, 8.44
1991, 5.64
1992, 3.63
1993, 7.82
1994, 3.11
1995, 6.84
1996, 5.66
1997, 3.77
1998, 9.04
1999, 5.16
2000, 7.45
2001, 5.76
2002, 8.04
2003, 4.98
2004, 3.73
2005, 7.47
2006, 5.67
2007, 8.01
2008, 6.69
2009, 2.59
2010, 8.46
2011, 4.92
2012, 8.49
2013, 6.21
2014, 4.64
2015, 3.35
2016, 6.48
2017, 2.72
2018, 7.63
2019, 3.19
2020, 7.96
2021, 5.06
2022, 8.04
2023, 6.68
2024, 4.99
2025, 6.00
2026, 3.51
2027, 7.55
2028, 4.56
2029, 2.96
2030, 6.75
2031, 3.10
2032, 8.51
2033, 5.15
2034, 8.27
2035, 5.94
2036, 4.74
2037, 5.85
2038, 2.80
2039, 5.71
2040, 4.29
2041, 7.83
2042, 6.04
2043, 2.16
2044, 6.15
2045, 5.21
2046, 7.58
2047, 3.57
2048, 8.31
2049, 6.82
2050, 4.21
2051, 6.11
2052, 3.60
2053, 9.10
2054, 5.25
2055, 3.36
2056, 6.76
2057, 3.72
2058, 5.81
2059, 2.97
2060, 7.01
2061, 4.03
2062, 2.37
2063, 5.44
2064, 8.38
2065, 5.49
2066, 4.34
2067, 8.28
2068, 6.07
2069, 7.65
2070, 5.99
2071, 8.82
2072, 5.64
2073, 8.60
2074, 6.94
2075, 5.11
2076, 3.57
2077, 6.33
2078, 5.12
2079, 3.21
2080, 6.22
2081, 4.28
2082, 7.36
2083, 4.03
2084, 6.99
2085, 4.87
2086, 3.40
2087, 6.50
2088, 5.06
2089, 8.30
2090, 4.62
2091, 3.27
2092, 6.43
2093, 3.62
2094, 7.06
2095, 3.84
2096, 7.52
2097, 5.96
2098, 4.42
2099, 9.20
2100, 5.83
2101, 4.66
2102, 7.68
2103, 5.50
2104, 8.52
2105, 4.58
2106, 2.88
2107, 7.19
2108, 3.92
2109, 8.73
2110, 6.89
2111, 4.31
2112, 8.71
2113, 4.96
2114, 7.43
2115, 6.07
2116, 4.36
2117, 7.32
2118, 4.81
2119, 3.52
2120, 5.40
2121, 2.71
2122, 5.99
2123, 3.90
2124, 7.74
2125, 4.11
2126, 2.35
2127, 4.25
2128, 8.57
2129, 6.03
2130, 3.55
2131, 8.26
2132, 7.08
2133, 2.81
2134, 6.21
2135, 4.96
2136, 3.74
2137, 2.62
2138, 5.66
2139, 2.69
2140, 5.57
2141, 2.29
2142, 5.26
2143, 3.06
2144, 7.93
2145, 6.72
2146, 4.56
2147, 3.11
2148, 4.27
2149, 2.68
2150, 5.61
2151, 2.72
2152, 7.29
2153, 5.00
2154, 2.99
2155, 6.27
2156, 2.56
2157, 8.41
2158, 5.12
2159, 8.52
2160, 6.27
2161, 4.06
2162, 8.34
2163, 6.74
2164, 4.03
2165, 7.76
