231, 3.90
232, 3.29
233, 3.04
234, 2.67
235, 1.69
236, 1.30
237, 4.56
238, 4.37
239, 3.62
240, 3.40
241, 2.77
242, 2.64
243, 1.65
244, 1.27
245, 0.82
246, 4.12
247, 3.96
248, 3.41
249, 2.72
250, 2.46
251, 2.29
252, 1.87
253, 1.34
254, 4.35
255, 3.98
256, 3.12
257, 2.62
258, 1.96
259, 1.56
260, 1.33
261, 1.08
262, 1.72
263, 4.82
264, 4.58
265, 3.81
266, 2.76
267, 1.78
268, 5.02
269, 4.18
270, 3.60
271, 2.57
272, 1.64
273, 1.36
274, 4.73
275, 3.76
276, 3.38
277, 2.50
278, 1.54
279, 4.51
280, 3.58
281, 3.31
282, 3.02
283, 2.81
284, 2.04
285, 1.02
286, 4.60
287, 4.00
288, 3.58
289, 2.69
290, 1.74
291, 1.30
292, 1.06
293, 4.40
294, 3.72
295, 3.34
296, 2.66
297, 1.90
298, 1.16
299, 4.13
300, 3.31
301, 2.79
302, 2.58
303, 1.82
304, 0.80
305, 4.36
306, 3.57
307, 3.28
308, 2.61
309, 2.20
310, 1.63
311, 1.01
312, 0.54
313, 4.07
314, 4.55
315, 4.22
316, 3.82
317, 3.60
318, 3.00
319, 2.35
320, 1.38
321, 5.22
322, 4.28
323, 3.40
324, 2.78
325, 2.32
326, 1.50
327, 4.43
328, 3.94
329, 3.31
330, 2.82
331, 2.63
332, 1.86
333, 4.92
334, 4.74
335, 4.31
336, 4.02
337, 3.84
338, 2.91
339, 2.37
340, 1.86
341, 1.53
342, 4.44
343, 3.62
344, 3.06
345, 2.63
346, 2.50
347, 2.11
348, 1.20
349, 4.18
350, 3.37
351, 2.74
352, 1.77
353, 0.84
354, 3.86
355, 3.13
356, 2.63
357, 1.73
358, 0.79
359, 4.37
360, 3.45
361, 2.37
362, 2.11
363, 1.53
364, 0.90
365, 0.45
366, 4.17
367, 4.86
368, 4.32
369, 3.87
370, 2.94
371, 2.24
372, 1.83
373, 1.45
374, 5.01
375, 3.97
376, 3.81
377, 2.89
378, 2.51
379, 1.84
380, 1.16
381, 4.65
382, 4.34
383, 3.53
384, 3.14
385, 2.64
386, 2.03
387, 1.56
388, 1.43
389, 4.44
390, 3.68
391, 3.51
392, 2.93
393, 1.85
394, 1.31
395, 4.40
396, 3.60
397, 2.81
398, 2.59
399, 1.53
400, 1.07
401, 0.83
402, 4.49
403, 4.34
404, 3.96
405, 3.13
406, 2.91
407, 2.74
408, 1.78
409, 1.65
410, 4.58
411, 4.36
412, 3.49
413, 2.80
414, 2.37
415, 1.53
416, 0.90
417, 0.58
418, 4.00
419, 3.93
420, 3.24
421, 2.43
422, 2.02
423, 1.42
424, 4.98
425, 4.24
426, 3.34
427, 2.37
428, 1.80
429, 1.21
430, 4.44
431, 3.86
432, 3.02
433, 2.48
434, 1.95
435, 1.11
436, 4.87
437, 4.29
438, 3.98
439, 3.07
440, 2.42
441, 1.34
442, 1.06
443, 4.16
444, 3.74
445, 3.41
446, 2.54
447, 1.58
448, 4.60
449, 4.27
450, 3.93
451, 3.47
452, 2.58
453, 1.70
454, 4.66
455, 3.85
456, 3.57
457, 2.77
458, 2.42
459, 1.55
460, 1.19
461, 1.09
462, 4.04
463, 3.07
464, 2.28
465, 2.14
466, 1.95
467, 1.38
468, 0.79
469, 0.46
470, 3.64
471, 4.18
472, 3.30
473, 2.74
474, 2.18
475, 1.44
476, 5.16
477, 4.71
478, 4.32
479, 4.04
480, 3.17
481, 2.92
482, 2.08
483, 1.41
484, 4.43
485, 4.08
486, 3.39
487, 2.42
488, 1.59
489, 1.16
490, 4.72
491, 3.87
492, 2.80
493, 2.64
494, 2.41
495, 1.73
496, 1.46
497, 4.41
498, 4.15
499, 3.50
500, 2.80
501, 2.65
502, 2.31
503, 1.99
504, 1.26
505, 0.85
506, 4.12
507, 3.74
508, 3.00
509, 1.91
510, 1.71
511, 1.22
512, 0.72
513, 3.67
514, 3.15
515, 2.78
516, 2.13
517, 1.65
518, 1.16
519, 4.09
520, 3.69
521, 3.16
522, 2.50
523, 2.70
524, 1.84
525, 5.32
526, 5.08
527, 4.44
528, 3.80
529, 3.64
530, 3.22
531, 2.39
532, 2.16
533, 1.86
534, 1.42
535, 1.19
536, 4.30
537, 4.08
538, 3.74
539, 2.63
540, 2.32
541, 1.68
542, 1.04
543, 4.55
544, 4.01
545, 3.32
546, 3.20
547, 2.62
548, 2.26
549, 1.41
550, 4.53
551, 4.12
552, 3.87
553, 2.97
554, 2.71
555, 2.43
556, 1.34
557, 0.99
558, 0.80
559, 4.39
560, 4.04
561, 3.76
562, 2.84
563, 2.31
564, 1.63
565, 0.73
566, 4.38
567, 3.80
568, 2.84
569, 2.00
570, 1.48
571, 1.08
572, 4.13
573, 3.18
574, 2.46
575, 3.14
576, 2.29
577, 1.63
578, 4.75
579, 4.05
580, 3.93
581, 3.57
582, 3.07
583, 2.48
584, 1.52
585, 1.30
586, 4.76
587, 4.14
588, 3.09
589, 2.43
590, 1.33
591, 4.90
592, 3.92
593, 2.95
594, 2.18
595, 1.33
596, 4.91
597, 4.74
598, 3.72
599, 2.77
600, 2.30
601, 1.86
602, 1.20
603, 0.89
604, 4.38
605, 3.94
606, 3.26
607, 2.88
608, 2.74
609, 1.88
610, 1.01
611, 4.46
612, 3.36
613, 2.95
614, 2.41
615, 1.52
616, 0.97
617, 4.27
618, 3.62
619, 3.33
620, 2.33
621, 1.94
622, 1.39
623, 4.33
624, 3.42
625, 2.77
626, 2.10
627, 2.30
628, 5.20
629, 5.00
630, 4.07
631, 3.67
632, 3.10
633, 2.99
634, 2.82
635, 1.83
636, 4.78
637, 4.20
638, 3.27
639, 2.76
640, 1.74
641, 1.38
642, 4.52
643, 3.74
644, 3.08
645, 2.65
646, 2.44
647, 2.34
648, 2.12
649, 1.86
650, 4.90
651, 3.83
652, 3.10
653, 2.35
654, 2.16
655, 1.61
656, 4.59
657, 3.89
658, 2.79
659, 2.07
660, 1.44
661, 0.76
662, 3.94
663, 3.27
664, 2.22
665, 1.92
666, 1.39
667, 4.36
668, 3.78
669, 3.02
670, 2.17
671, 1.86
672, 1.76
673, 1.38
674, 1.16
675, 4.12
676, 3.62
677, 3.31
678, 2.94
679, 3.60
680, 2.54
681, 2.32
682, 1.70
683, 4.76
684, 4.32
685, 3.37
686, 2.42
687, 1.78
688, 1.32
689, 4.42
690, 3.65
691, 2.94
692, 2.27
693, 1.69
694, 4.81
695, 4.32
696, 3.91
697, 3.56
698, 2.78
699, 1.70
700, 1.46
701, 4.38
702, 4.13
703, 3.61
704, 3.40
705, 2.97
706, 2.33
707, 1.25
708, 0.85
709, 3.97
710, 3.28
711, 2.56
712, 2.00
713, 0.91
714, 3.92
715, 3.52
716, 2.90
717, 2.71
718, 2.57
719, 1.92
720, 1.33
721, 4.25
722, 3.26
723, 2.94
724, 2.16
725, 1.50
726, 0.98
727, 0.57
728, 3.96
729, 3.79
730, 2.68
731, 2.14
732, 2.08
733, 5.28
734, 4.80
735, 4.18
736, 3.58
737, 2.69
738, 2.20
739, 1.74
740, 4.86
741, 4.12
742, 3.64
743, 3.45
744, 3.13
745, 2.11
746, 1.87
747, 4.87
748, 4.74
749, 3.72
750, 2.89
751, 2.51
752, 1.51
753, 4.88
754, 4.76
755, 4.10
756, 3.48
757, 3.24
758, 2.44
759, 1.68
760, 1.06
761, 4.36
762, 3.74
763, 2.79
764, 2.56
765, 2.06
766, 1.38
767, 1.18
768, 4.38
769, 4.25
770, 4.08
771, 3.53
772, 2.96
773, 2.07
774, 1.64
775, 0.74
776, 4.04
777, 3.62
778, 2.64
779, 2.52
780, 1.78
781, 0.90
782, 4.08
783, 3.76
784, 4.26
785, 3.74
786, 3.52
787, 3.12
788, 2.70
789, 2.41
790, 1.42
791, 5.07
792, 4.65
793, 4.50
794, 4.01
795, 3.38
796, 3.01
797, 2.05
798, 1.70
799, 4.78
800, 4.25
801, 4.03
802, 3.18
803, 2.61
804, 2.19
805, 1.91
806, 1.68
807, 1.54
808, 4.54
809, 3.80
810, 3.36
811, 2.90
812, 2.54
813, 1.86
814, 1.07
815, 4.42
816, 3.91
817, 3.18
818, 3.09
819, 2.62
820, 1.60
821, 0.70
822, 4.38
823, 3.28
824, 2.68
825, 1.88
826, 1.16
827, 0.87
828, 4.20
829, 4.10
830, 3.08
831, 2.65
832, 2.44
833, 1.37
834, 1.24
835, 4.37
836, 4.48
837, 3.71
838, 2.72
839, 2.16
840, 1.92
841, 1.80
842, 1.40
843, 4.64
844, 3.89
845, 3.66
846, 3.08
847, 2.71
848, 2.23
849, 1.72
850, 4.61
851, 4.29
852, 3.90
853, 3.21
854, 2.48
855, 2.30
856, 1.64
857, 4.78
858, 4.24
859, 3.98
860, 3.59
861, 3.05
862, 2.65
863, 1.72
864, 0.89
865, 3.76
866, 2.78
867, 2.19
868, 1.97
869, 1.03
870, 0.91
871, 4.24
872, 3.18
873, 2.93
874, 2.59
875, 1.81
876, 1.33
877, 4.37
878, 3.48
879, 3.22
880, 2.10
881, 1.51
882, 1.33
883, 0.51
884, 3.93
885, 2.88
886, 2.41
887, 2.07
888, 2.43
889, 2.06
890, 5.30
891, 4.26
892, 4.10
893, 3.86
894, 2.88
895, 2.37
896, 1.98
897, 4.94
898, 4.22
899, 3.14
900, 2.94
901, 2.12
902, 1.31
903, 1.16
904, 4.74
905, 3.76
906, 3.47
907, 2.56
908, 2.24
909, 1.51
910, 4.68
911, 4.34
912, 3.34
913, 2.94
914, 2.39
915, 1.72
916, 4.78
917, 4.42
918, 4.30
919, 3.72
920, 3.37
921, 2.66
922, 2.24
923, 1.36
924, 4.69
925, 4.50
926, 4.34
927, 3.31
928, 2.19
929, 1.33
930, 4.24
931, 4.07
932, 3.52
933, 2.64
934, 1.94
935, 1.32
936, 1.16
937, 4.18
938, 3.39
939, 3.25
940, 3.08
941, 3.22
942, 2.86
943, 1.77
944, 1.52
945, 5.25
946, 4.60
947, 4.11
948, 3.59
949, 3.37
950, 2.60
951, 2.40
952, 1.77
953, 5.16
954, 4.84
955, 4.34
956, 3.32
957, 2.96
958, 2.04
959, 1.77
960, 1.17
961, 4.12
962, 3.55
963, 2.98
964, 2.54
965, 1.77
966, 1.64
967, 4.78
968, 3.76
969, 3.30
970, 2.80
971, 1.83
972, 1.22
973, 0.94
974, 4.33
975, 3.74
976, 3.33
977, 2.29
978, 1.99
979, 1.50
980, 0.97
981, 0.82
982, 3.96
983, 3.48
984, 3.29
985, 2.99
986, 2.83
987, 1.84
988, 1.08
989, 0.91
990, 4.18
991, 3.88
992, 2.84
993, 2.85
994, 2.32
995, 5.23
996, 4.22
997, 3.68
998, 2.60
999, 2.38
1000, 1.51
1001, 5.14
1002, 4.84
1003, 4.68
1004, 4.14
1005, 3.28
1006, 3.02
1007, 2.40
1008, 1.80
1009, 1.67
1010, 4.94
1011, 4.51
1012, 3.92
1013, 3.61
1014, 3.35
1015, 2.44
1016, 1.44
1017, 1.29
1018, 4.38
1019, 3.62
1020, 3.31
1021, 2.95
1022, 2.28
1023, 1.33
1024, 0.98
1025, 4.28
1026, 3.33
1027, 2.60
1028, 1.98
1029, 1.44
1030, 1.24
1031, 4.36
1032, 3.59
1033, 2.62
1034, 2.19
1035, 2.08
1036, 1.84
1037, 1.70
1038, 0.73
1039, 4.14
1040, 3.06
1041, 2.32
1042, 1.54
1043, 1.28
1044, 0.67
1045, 4.56
1046, 3.86
1047, 3.47
1048, 2.78
1049, 1.75
1050, 5.06
1051, 4.04
1052, 3.30
1053, 2.57
1054, 2.25
1055, 5.13
1056, 4.88
1057, 4.42
1058, 3.65
1059, 3.41
1060, 2.48
1061, 1.54
1062, 4.48
1063, 3.82
1064, 2.77
1065, 1.65
1066, 4.72
1067, 4.32
1068, 3.55
1069, 3.30
1070, 2.48
1071, 2.08
1072, 1.82
1073, 0.95
1074, 4.48
1075, 3.62
1076, 3.40
1077, 3.28
1078, 2.55
1079, 2.30
1080, 2.16
1081, 1.40
1082, 1.06
1083, 4.13
1084, 3.32
1085, 2.36
1086, 2.20
1087, 1.14
1088, 0.74
1089, 3.78
1090, 2.99
1091, 1.93
1092, 1.06
1093, 0.61
1094, 3.60
1095, 3.43
1096, 2.71
1097, 3.50
1098, 2.84
1099, 1.95
1100, 5.30
1101, 4.99
1102, 4.38
1103, 4.11
1104, 3.83
1105, 3.70
1106, 3.11
1107, 2.10
1108, 1.64
1109, 1.30
1110, 5.06
1111, 4.30
1112, 3.43
1113, 2.32
1114, 1.97
1115, 4.97
1116, 4.50
1117, 3.70
1118, 2.91
1119, 2.66
1120, 1.64
1121, 4.69
1122, 4.39
1123, 3.96
1124, 3.74
1125, 3.50
1126, 2.58
1127, 2.32
1128, 1.75
1129, 1.54
1130, 0.85
1131, 4.05
1132, 3.17
1133, 2.64
1134, 2.30
1135, 1.70
1136, 1.22
1137, 4.61
1138, 4.15
1139, 3.25
1140, 3.09
1141, 2.14
1142, 1.99
1143, 1.08
1144, 0.66
1145, 4.26
1146, 3.84
1147, 2.92
1148, 1.82
1149, 2.26
1150, 2.08
1151, 1.39
1152, 4.29
1153, 3.64
1154, 3.34
1155, 2.53
1156, 1.44
1157, 4.78
1158, 3.76
1159, 3.31
1160, 3.14
1161, 2.12
1162, 1.25
1163, 4.67
1164, 4.05
1165, 3.16
1166, 2.10
1167, 1.70
1168, 4.60
1169, 4.26
1170, 3.59
1171, 2.84
1172, 2.55
1173, 1.87
1174, 1.22
1175, 4.45
1176, 3.98
1177, 3.34
1178, 2.57
1179, 2.42
1180, 2.16
1181, 1.58
1182, 1.08
1183, 4.66
1184, 3.82
1185, 3.58
1186, 2.79
1187, 2.32
1188, 1.87
1189, 1.55
1190, 0.81
1191, 4.59
1192, 4.40
1193, 4.20
1194, 3.62
1195, 3.19
1196, 3.03
1197, 1.94
1198, 1.63
1199, 1.09
1200, 4.13
1201, 3.67
1202, 3.94
1203, 3.76
1204, 2.93
1205, 2.79
1206, 1.76
1207, 4.96
1208, 4.45
1209, 3.45
1210, 2.42
1211, 2.07
1212, 1.64
1213, 5.14
1214, 4.50
1215, 4.08
1216, 3.41
1217, 2.87
1218, 1.96
1219, 4.98
1220, 4.53
1221, 3.90
1222, 3.20
1223, 2.92
1224, 1.96
1225, 1.37
1226, 4.42
1227, 3.96
1228, 3.04
1229, 2.82
1230, 2.40
1231, 1.94
1232, 1.23
1233, 0.95
1234, 4.11
1235, 3.16
1236, 2.50
1237, 2.26
1238, 1.98
1239, 1.81
1240, 0.78
1241, 4.30
1242, 4.17
1243, 3.25
1244, 2.84
1245, 2.15
1246, 1.41
1247, 0.64
1248, 3.65
1249, 2.65
1250, 2.03
1251, 1.81
1252, 1.03
1253, 0.46
1254, 4.56
1255, 3.52
1256, 2.43
1257, 1.74
1258, 4.71
1259, 4.22
1260, 4.01
1261, 3.84
1262, 3.44
1263, 2.61
1264, 1.96
1265, 1.63
1266, 1.16
1267, 4.80
1268, 4.42
1269, 4.08
1270, 3.29
1271, 2.37
1272, 1.27
1273, 1.03
1274, 4.54
1275, 4.40
1276, 3.45
1277, 2.62
1278, 1.67
1279, 4.64
1280, 3.94
1281, 3.39
1282, 2.97
1283, 2.66
1284, 1.60
1285, 1.46
1286, 4.52
1287, 3.63
1288, 2.58
1289, 1.50
1290, 1.07
1291, 0.95
1292, 4.50
1293, 3.82
1294, 2.86
1295, 2.44
1296, 1.44
1297, 4.50
1298, 4.24
1299, 3.15
1300, 2.10
1301, 1.70
1302, 0.87
1303, 4.37
1304, 3.80
1305, 3.06
1306, 3.40
1307, 3.14
1308, 2.92
1309, 2.48
1310, 1.87
1311, 4.82
1312, 3.71
1313, 3.08
1314, 2.74
1315, 1.81
1316, 5.16
1317, 4.91
1318, 3.92
1319, 3.36
1320, 2.74
1321, 2.29
1322, 1.74
1323, 1.50
1324, 4.81
1325, 4.44
1326, 3.85
1327, 3.53
1328, 2.65
1329, 1.75
1330, 1.54
1331, 1.08
1332, 4.36
1333, 3.30
1334, 2.98
1335, 1.88
1336, 1.73
1337, 4.71
1338, 4.54
1339, 3.83
1340, 3.62
1341, 3.20
1342, 2.25
1343, 1.17
1344, 0.70
1345, 4.15
1346, 4.04
1347, 3.54
1348, 2.62
1349, 1.64
1350, 1.30
1351, 0.65
1352, 0.55
1353, 3.97
1354, 3.11
1355, 2.17
1356, 1.46
1357, 1.01
1358, 5.16
1359, 4.76
1360, 4.61
1361, 3.87
1362, 3.45
1363, 2.82
1364, 2.01
1365, 1.83
1366, 4.80
1367, 4.29
1368, 3.62
1369, 2.86
1370, 2.63
1371, 2.06
1372, 1.80
1373, 1.22
1374, 4.40
1375, 3.66
1376, 2.94
1377, 2.03
1378, 1.03
1379, 4.20
1380, 3.98
1381, 3.65
1382, 2.70
1383, 2.39
1384, 2.07
1385, 1.38
1386, 4.69
1387, 4.07
1388, 3.03
1389, 2.23
1390, 1.66
1391, 0.98
1392, 4.72
1393, 4.26
1394, 3.54
1395, 3.20
1396, 2.68
1397, 1.62
1398, 1.23
1399, 0.63
1400, 4.48
1401, 3.72
1402, 2.98
1403, 2.72
1404, 1.78
1405, 1.28
1406, 1.16
1407, 4.40
1408, 3.61
1409, 2.51
1410, 2.54
1411, 2.25
1412, 5.31
1413, 4.82
1414, 3.98
1415, 3.64
1416, 3.35
1417, 2.93
1418, 2.64
1419, 2.51
1420, 1.84
1421, 1.36
1422, 5.10
1423, 4.11
1424, 3.08
1425, 2.31
1426, 1.43
1427, 4.85
1428, 4.54
1429, 4.39
1430, 3.45
1431, 2.58
1432, 1.61
1433, 4.87
1434, 3.94
1435, 3.34
1436, 3.22
1437, 2.72
1438, 2.01
1439, 0.90
1440, 4.28
1441, 3.52
1442, 2.42
1443, 1.83
1444, 0.92
1445, 4.39
1446, 3.77
1447, 3.54
1448, 3.01
1449, 2.30
1450, 1.82
1451, 0.98
1452, 4.48
1453, 4.05
1454, 3.74
1455, 3.50
1456, 3.10
1457, 2.91
1458, 2.05
1459, 1.45
1460, 0.74
1461, 3.79
1462, 3.53
1463, 3.58
1464, 2.88
1465, 1.77
1466, 1.44
1467, 5.06
1468, 4.42
1469, 4.30
1470, 3.80
1471, 3.08
1472, 2.64
1473, 2.30
1474, 1.41
1475, 4.95
1476, 4.05
1477, 3.65
1478, 2.75
1479, 2.02
1480, 5.00
1481, 4.85
1482, 4.34
1483, 3.70
1484, 2.74
1485, 1.69
1486, 1.18
1487, 4.76
1488, 4.25
1489, 3.39
1490, 2.60
1491, 1.51
1492, 4.49
1493, 3.92
1494, 3.24
1495, 3.09
1496, 2.13
1497, 1.72
1498, 1.08
1499, 4.08
1500, 3.66
1501, 3.31
1502, 2.66
1503, 2.11
1504, 1.54
1505, 0.73
1506, 4.08
1507, 3.25
1508, 2.34
1509, 1.74
1510, 0.82
1511, 3.82
1512, 2.89
1513, 2.20
1514, 1.61
1515, 2.22
1516, 1.56
1517, 4.66
1518, 4.18
1519, 3.83
1520, 2.73
1521, 2.07
1522, 1.70
1523, 5.25
1524, 4.33
1525, 3.22
1526, 2.19
1527, 1.91
1528, 1.14
1529, 4.05
1530, 3.80
1531, 2.84
1532, 2.00
1533, 1.64
1534, 4.98
1535, 4.36
1536, 3.75
1537, 2.73
1538, 2.21
1539, 1.48
1540, 1.24
1541, 4.63
1542, 4.46
1543, 3.91
1544, 3.61
1545, 2.62
1546, 2.02
1547, 1.57
1548, 1.28
1549, 4.43
1550, 3.37
1551, 2.74
1552, 1.72
1553, 1.14
1554, 4.14
1555, 3.33
1556, 2.39
1557, 2.22
1558, 1.11
1559, 4.54
1560, 3.96
1561, 3.56
1562, 3.20
1563, 2.68
1564, 1.94
1565, 1.16
1566, 4.23
1567, 5.00
1568, 4.79
1569, 4.59
1570, 3.92
1571, 3.73
1572, 2.96
1573, 2.58
1574, 1.96
1575, 5.18
1576, 4.52
1577, 4.33
1578, 3.70
1579, 3.29
1580, 3.14
1581, 2.43
1582, 1.39
1583, 4.74
1584, 3.85
1585, 3.15
1586, 2.49
1587, 1.44
1588, 1.06
1589, 4.06
1590, 3.48
1591, 2.58
1592, 2.38
1593, 1.98
1594, 1.49
1595, 1.33
1596, 4.54
1597, 3.69
1598, 2.90
1599, 1.90
1600, 1.20
1601, 0.92
1602, 4.70
1603, 3.84
1604, 2.91
1605, 1.82
1606, 1.60
1607, 0.65
1608, 3.71
1609, 3.40
1610, 2.74
1611, 1.62
1612, 1.03
1613, 0.90
1614, 3.95
1615, 2.86
1616, 2.12
1617, 1.09
1618, 4.41
1619, 3.53
1620, 3.92
1621, 3.08
1622, 2.89
1623, 2.62
1624, 1.68
1625, 5.20
1626, 4.86
1627, 4.12
1628, 2.99
1629, 2.85
1630, 2.64
1631, 1.61
1632, 4.80
1633, 3.85
1634, 3.24
1635, 2.37
1636, 2.10
1637, 5.01
1638, 3.94
1639, 3.10
1640, 2.80
1641, 2.60
1642, 1.92
1643, 1.66
1644, 1.16
1645, 4.30
1646, 3.29
1647, 2.23
1648, 1.68
1649, 1.45
1650, 1.12
1651, 4.09
1652, 3.41
1653, 2.32
1654, 1.37
1655, 1.16
1656, 4.10
1657, 3.40
1658, 2.68
1659, 1.83
1660, 1.23
1661, 4.50
1662, 3.42
1663, 2.55
1664, 1.51
1665, 1.02
1666, 0.80
1667, 4.44
1668, 3.51
1669, 3.06
1670, 2.02
1671, 1.03
1672, 1.74
1673, 5.35
1674, 4.96
1675, 4.56
1676, 4.38
1677, 4.02
1678, 3.88
1679, 3.22
1680, 2.45
1681, 1.46
1682, 4.90
1683, 3.96
1684, 3.01
1685, 2.42
1686, 1.50
1687, 4.73
1688, 4.25
1689, 3.78
1690, 3.66
1691, 3.44
1692, 2.62
1693, 1.83
1694, 1.29
1695, 1.11
1696, 4.85
1697, 4.33
1698, 3.83
1699, 3.02
1700, 2.89
1701, 1.92
1702, 1.74
1703, 1.62
1704, 0.84
1705, 3.92
1706, 3.23
1707, 2.32
1708, 2.15
1709, 1.90
1710, 1.47
1711, 4.60
1712, 3.55
1713, 3.12
1714, 2.24
1715, 1.32
1716, 0.91
1717, 3.95
1718, 3.20
1719, 2.10
1720, 1.17
1721, 0.76
1722, 4.19
1723, 3.18
1724, 3.72
1725, 3.43
1726, 3.09
1727, 2.69
1728, 2.26
1729, 1.65
1730, 4.66
1731, 3.64
1732, 2.92
1733, 2.30
1734, 1.95
1735, 1.47
1736, 1.34
1737, 4.78
1738, 4.55
1739, 3.70
1740, 3.13
1741, 2.87
1742, 2.74
1743, 1.88
1744, 1.02
1745, 3.96
1746, 3.54
1747, 2.80
1748, 1.76
1749, 4.91
1750, 4.34
1751, 3.60
1752, 3.02
1753, 2.46
1754, 2.23
1755, 2.07
1756, 1.66
1757, 4.57
1758, 4.43
1759, 4.00
1760, 3.62
1761, 3.19
1762, 2.86
1763, 2.49
1764, 2.30
1765, 1.74
1766, 1.34
1767, 4.27
1768, 3.31
1769, 2.94
1770, 2.20
1771, 1.59
1772, 1.33
1773, 1.10
1774, 0.54
1775, 4.20
1776, 4.33
1777, 3.50
1778, 3.06
1779, 2.04
1780, 5.15
1781, 4.10
1782, 3.86
1783, 3.36
1784, 2.34
1785, 2.04
1786, 1.20
1787, 4.58
1788, 4.40
1789, 4.04
1790, 3.57
1791, 3.24
1792, 2.68
1793, 1.61
1794, 4.78
1795, 3.84
1796, 3.15
1797, 2.62
1798, 2.20
1799, 1.31
1800, 1.18
1801, 4.15
1802, 4.04
1803, 3.20
1804, 2.61
1805, 2.02
1806, 0.90
1807, 4.46
1808, 3.69
1809, 2.94
1810, 2.55
1811, 2.03
1812, 1.16
1813, 4.08
1814, 3.72
1815, 3.45
1816, 2.39
1817, 1.88
1818, 1.06
1819, 4.28
1820, 3.14
1821, 2.70
1822, 2.55
1823, 1.72
1824, 0.79
1825, 0.66
1826, 3.88
1827, 3.78
1828, 3.06
1829, 3.18
1830, 2.76
1831, 2.26
1832, 2.08
1833, 5.10
1834, 4.79
1835, 3.99
1836, 3.00
1837, 2.02
1838, 1.52
1839, 1.23
1840, 4.42
1841, 4.12
1842, 3.30
1843, 2.45
1844, 1.79
1845, 1.28
1846, 4.25
1847, 3.48
1848, 2.96
1849, 2.51
1850, 2.03
1851, 1.29
1852, 4.76
1853, 4.55
1854, 4.15
1855, 3.24
1856, 2.72
1857, 1.66
1858, 4.70
1859, 4.45
1860, 4.21
1861, 3.87
1862, 2.91
1863, 2.02
1864, 1.74
1865, 1.52
1866, 4.65
1867, 3.88
1868, 3.58
1869, 2.85
1870, 1.91
1871, 1.29
1872, 0.54
1873, 3.57
1874, 3.20
1875, 2.50
1876, 1.54
1877, 0.53
1878, 3.90
1879, 3.02
1880, 2.02
1881, 2.83
1882, 2.43
1883, 2.31
1884, 1.37
1885, 4.43
1886, 4.14
1887, 3.07
1888, 1.97
1889, 1.34
1890, 4.90
1891, 4.45
1892, 3.96
1893, 3.32
1894, 2.32
1895, 1.38
1896, 4.72
1897, 3.94
1898, 3.30
1899, 2.76
1900, 2.48
1901, 1.65
1902, 1.43
1903, 1.09
1904, 4.65
1905, 4.38
1906, 3.40
1907, 3.22
1908, 2.52
1909, 1.73
1910, 1.47
1911, 1.10
1912, 4.61
1913, 3.66
1914, 3.10
1915, 2.96
1916, 2.04
1917, 1.02
1918, 4.63
1919, 4.04
1920, 3.76
1921, 2.77
1922, 2.42
1923, 2.22
1924, 1.12
1925, 4.17
1926, 3.61
1927, 2.84
1928, 2.07
1929, 1.92
1930, 1.45
1931, 0.47
1932, 3.42
1933, 4.16
1934, 3.41
1935, 2.52
1936, 1.89
1937, 5.04
1938, 4.34
1939, 3.68
1940, 3.20
1941, 2.81
1942, 2.33
1943, 1.62
1944, 5.07
1945, 4.29
1946, 3.99
1947, 3.16
1948, 2.33
1949, 1.24
1950, 1.12
1951, 4.98
1952, 4.55
1953, 3.79
1954, 3.42
1955, 2.78
1956, 2.59
1957, 2.18
1958, 1.41
1959, 0.94
1960, 3.94
1961, 2.97
1962, 2.46
1963, 2.24
1964, 1.93
1965, 1.31
1966, 0.89
1967, 3.86
1968, 3.29
1969, 2.25
1970, 1.84
1971, 1.36
1972, 4.44
1973, 3.33
1974, 2.37
1975, 1.32
1976, 0.73
1977, 4.42
1978, 4.21
1979, 3.52
1980, 2.61
1981, 2.33
1982, 2.08
1983, 1.70
1984, 1.02
1985, 1.81
1986, 4.88
1987, 4.58
1988, 3.78
1989, 3.42
1990, 2.96
1991, 2.44
1992, 1.60
1993, 4.60
1994, 4.14
1995, 3.82
1996, 3.22
1997, 2.12
1998, 1.88
1999, 5.02
2000, 4.70
2001, 4.16
2002, 3.22
2003, 2.67
2004, 1.79
2005, 4.96
2006, 4.35
2007, 3.48
2008, 2.82
2009, 2.32
2010, 1.32
2011, 4.49
2012, 3.52
2013, 3.31
2014, 2.42
2015, 2.02
2016, 1.70
2017, 1.17
2018, 4.48
2019, 3.84
2020, 3.70
2021, 2.78
2022, 1.75
2023, 0.92
2024, 3.94
2025, 3.08
2026, 2.21
2027, 2.04
2028, 1.22
2029, 0.68
2030, 3.78
2031, 3.24
2032, 2.80
2033, 1.89
2034, 1.58
2035, 1.33
2036, 1.10
2037, 4.20
2038, 4.19
2039, 3.25
2040, 2.56
2041, 2.18
2042, 1.53
2043, 4.41
2044, 3.58
2045, 2.90
2046, 2.62
2047, 2.04
2048, 5.06
2049, 4.13
2050, 3.17
2051, 2.42
2052, 1.46
2053, 1.31
2054, 4.30
2055, 3.59
2056, 3.35
2057, 2.73
2058, 2.21
2059, 1.22
2060, 4.21
2061, 3.79
2062, 3.45
2063, 3.03
2064, 1.97
2065, 1.72
2066, 4.62
2067, 4.30
2068, 3.62
2069, 3.05
2070, 2.68
2071, 1.68
2072, 0.98
2073, 4.52
2074, 3.61
2075, 2.75
2076, 1.86
2077, 1.42
2078, 1.02
2079, 4.00
2080, 3.63
2081, 3.45
2082, 2.90
2083, 2.48
2084, 1.65
2085, 1.27
2086, 4.44
2087, 3.35
2088, 3.14
2089, 2.29
2090, 2.21
2091, 1.64
2092, 1.36
2093, 4.85
2094, 3.76
2095, 3.42
2096, 2.76
2097, 1.89
2098, 4.86
2099, 4.58
2100, 4.01
2101, 2.96
2102, 2.78
2103, 2.00
2104, 1.86
2105, 1.64
2106, 1.44
2107, 4.95
2108, 4.64
2109, 4.30
2110, 3.82
2111, 2.87
2112, 2.33
2113, 1.54
2114, 4.45
2115, 3.74
2116, 3.26
2117, 2.56
2118, 2.43
2119, 2.08
2120, 1.71
2121, 4.69
2122, 3.64
2123, 3.20
2124, 2.83
2125, 2.64
2126, 2.00
2127, 1.74
2128, 0.88
2129, 3.86
2130, 3.68
2131, 3.51
2132, 3.41
2133, 2.31
2134, 2.07
2135, 1.88
2136, 1.02
2137, 4.46
2138, 4.08
2139, 3.20
2140, 2.43
2141, 2.26
2142, 2.71
2143, 2.48
2144, 1.42
2145, 5.00
2146, 4.05
2147, 3.72
2148, 3.09
2149, 2.32
2150, 1.32
2151, 5.04
2152, 4.80
2153, 4.05
2154, 3.02
2155, 1.95
2156, 5.00
2157, 4.73
2158, 3.65
2159, 3.17
2160, 2.91
2161, 2.68
2162, 2.32
2163, 2.05
2164, 1.73
2165, 1.12
2166, 4.34
2167, 4.03
2168, 3.21
2169, 2.73
2170, 1.66
2171, 1.50
2172, 1.21
2173, 4.44
2174, 3.54
2175, 3.32
2176, 2.81
2177, 2.61
2178, 2.28
2179, 1.64
2180, 1.26
2181, 4.50
2182, 3.98
2183, 2.98
2184, 2.10
2185, 1.72
2186, 0.78
2187, 4.32
2188, 3.96
2189, 3.12
2190, 2.71
2191, 2.40
2192, 2.08
2193, 1.41
2194, 1.58
2195, 4.66
2196, 4.27
2197, 3.50
2198, 2.48
2199, 1.67
2200, 4.65
2201, 3.81
2202, 3.42
2203, 3.01
2204, 2.82
2205, 2.20
2206, 1.48
2207, 4.38
2208, 3.38
2209, 3.20
2210, 2.50
2211, 2.33
2212, 1.45
2213, 4.60
2214, 4.25
2215, 3.95
2216, 3.27
2217, 2.26
2218, 1.89
2219, 1.00
2220, 4.01
2221, 2.98
2222, 2.62
2223, 1.94
2224, 1.33
2225, 4.32
2226, 3.64
2227, 2.95
2228, 2.31
2229, 2.10
2230, 1.91
2231, 1.09
2232, 4.44
2233, 4.18
2234, 3.37
2235, 3.17
2236, 2.06
2237, 1.73
2238, 0.75
2239, 4.18
2240, 3.61
2241, 2.75
2242, 2.13
2243, 1.40
2244, 1.22
2245, 4.28
2246, 5.04
2247, 4.03
2248, 3.70
2249, 3.15
2250, 2.96
2251, 1.85
2252, 1.42
2253, 4.76
2254, 3.99
2255, 3.60
2256, 2.86
2257, 2.49
2258, 1.64
2259, 4.85
2260, 4.41
2261, 3.66
2262, 3.30
2263, 2.50
2264, 1.85
2265, 1.10
2266, 4.85
2267, 4.19
2268, 3.23
2269, 2.89
2270, 2.58
2271, 2.33
2272, 1.22
2273, 4.87
