read, delay
1, 1.14
2, 0.57
3, 1.08
4, 1.26
5, 0.96
6, 1.05
7, 0.98
8, 0.91
9, 1.26
10, 1.11
11, 0.47
12, 1.21
13, 0.86
14, 0.70
15, 0.86
16, 0.96
17, 1.26
18, 0.72
19, 0.44
20, 0.87
21, 0.67
22, 0.34
23, 0.95
24, 0.36
25, 0.70
26, 0.54
27, 1.14
28, 1.06
29, 0.54
30, 0.99
31, 1.19
32, 0.78
33, 0.38
34, 1.28
35, 0.73
36, 0.38
37, 0.45
38, 0.44
39, 0.61
40, 0.76
41, 1.18
42, 0.74
43, 0.74
44, 0.76
45, 0.47
46, 0.31
47, 0.97
48, 1.30
49, 0.32
50, 1.26
51, 0.73
52, 0.66
53, 1.03
54, 0.79
55, 1.00
56, 1.14
57, 0.46
58, 0.34
59, 0.96
60, 0.41
61, 0.89
62, 0.39
63, 0.31
64, 0.30
65, 0.67
66, 1.19
67, 1.14
68, 0.68
69, 1.16
70, 0.30
71, 0.74
72, 0.39
73, 0.90
74, 1.21
75, 1.22
76, 0.90
77, 0.87
78, 1.08
79, 0.99
80, 0.61
81, 0.74
82, 1.12
83, 1.02
84, 0.84
85, 0.49
86, 0.46
87, 1.02
88, 0.82
89, 0.39
90, 1.04
91, 1.13
92, 0.34
93, 0.80
94, 0.42
95, 0.65
96, 0.44
97, 1.09
98, 0.68
99, 0.87
100, 1.04
101, 1.26
102, 1.16
103, 0.41
104, 0.87
105, 1.06
106, 1.05
107, 0.70
108, 1.18
109, 1.16
110, 0.60
111, 1.28
112, 1.09
113, 0.67
114, 0.47
115, 0.79
116, 0.79
117, 0.64
118, 0.52
119, 1.15
120, 1.30
121, 1.04
122, 0.92
123, 0.83
124, 0.56
125, 1.12
126, 1.00
127, 0.29
128, 0.41
129, 1.28
130, 0.90
131, 1.10
132, 0.57
133, 0.78
134, 0.56
135, 1.18
136, 0.37
137, 0.99
138, 1.14
139, 1.14
140, 0.77
141, 0.33
142, 0.53
143, 0.81
144, 1.18
145, 0.72
146, 0.30
147, 0.38
148, 0.70
149, 0.92
150, 0.87
151, 0.54
152, 0.43
153, 0.52
154, 0.76
155, 0.39
156, 1.18
157, 1.04
158, 0.69
159, 0.66
160, 0.99
161, 0.31
162, 0.90
163, 0.43
164, 1.06
165, 0.39
166, 0.98
167, 0.60
168, 0.52
169, 0.54
170, 0.76
171, 0.52
172, 0.47
173, 1.01
174, 0.56
175, 1.02
176, 1.20
177, 0.60
178, 0.90
179, 0.84
180, 0.71
181, 0.89
182, 1.03
183, 0.89
184, 1.24
185, 0.38
186, 0.36
187, 0.42
188, 0.35
189, 0.59
190, 0.30
191, 0.88
192, 0.86
193, 0.79
194, 0.33
195, 0.97
196, 1.15
197, 0.95
198, 0.88
199, 0.83
200, 0.34
201, 0.78
202, 0.58
203, 0.96
204, 0.55
205, 1.04
206, 0.63
207, 0.72
208, 0.80
209, 1.15
210, 0.87
211, 0.93
212, 0.31
213, 1.28
214, 0.72
215, 0.74
216, 0.31
217, 0.82
218, 0.31
219, 0.61
220, 0.94
221, 0.94
222, 1.20
223, 0.66
224, 0.54
225, 0.77
226, 0.35
227, 0.75
228, 1.27
229, 0.96
230, 0.32
231, 0.98
232, 0.66
233, 0.72
234, 0.29
235, 0.50
236, 0.99
237, 0.70
238, 0.57
239, 0.64
240, 0.51
241, 0.36
242, 0.76
243, 0.93
244, 1.23
245, 0.34
246, 1.19
247, 0.28
248, 0.59
249, 0.32
250, 0.97
251, 1.26
252, 0.63
253, 0.30
254, 0.82
255, 1.11
256, 0.62
257, 0.50
258, 0.50
259, 0.96
260, 0.52
261, 0.81
262, 0.31
263, 0.61
264, 1.26
265, 0.78
266, 0.84
267, 1.10
268, 0.37
269, 0.91
270, 1.26
271, 0.82
272, 0.78
273, 0.35
274, 1.03
275, 0.84
276, 0.92
277, 1.16
278, 1.17
279, 0.78
280, 0.31
281, 0.96
282, 1.07
283, 0.32
284, 0.87
285, 0.46
286, 0.63
287, 1.24
288, 0.89
289, 0.54
290, 1.01
291, 1.15
292, 0.67
293, 0.46
294, 0.54
295, 0.82
296, 1.06
297, 0.56
298, 1.08
299, 0.95
300, 0.50
301, 1.15
302, 0.66
303, 0.79
304, 0.84
305, 0.38
306, 0.88
307, 1.14
308, 0.46
309, 0.64
310, 1.07
311, 0.55
312, 0.34
313, 0.83
314, 0.69
315, 0.98
316, 1.08
317, 1.12
318, 0.57
319, 1.14
320, 1.17
321, 0.26
322, 0.38
323, 1.03
324, 0.99
325, 1.00
326, 0.44
327, 0.94
328, 1.28
329, 0.31
330, 1.24
331, 1.10
332, 0.82
333, 0.33
334, 0.44
335, 0.36
336, 0.96
337, 0.77
338, 0.79
339, 0.92
340, 0.37
341, 0.83
342, 0.73
343, 0.79
344, 0.63
345, 0.54
346, 0.89
347, 0.64
348, 1.20
349, 0.53
350, 0.92
351, 0.73
352, 1.10
353, 0.92
354, 0.42
355, 1.20
356, 0.78
357, 0.92
358, 1.13
359, 0.48
360, 0.61
361, 0.82
362, 0.77
363, 0.72
364, 1.10
365, 0.60
366, 1.19
367, 1.10
368, 0.42
369, 0.56
370, 0.44
371, 0.33
372, 0.49
373, 0.36
374, 0.81
375, 0.32
376, 0.63
377, 1.17
378, 0.90
379, 0.55
380, 0.96
381, 0.85
382, 0.74
383, 0.32
384, 0.54
385, 0.44
386, 0.77
387, 0.67
388, 1.00
389, 0.44
390, 0.82
391, 1.21
392, 0.80
393, 0.88
394, 0.85
395, 1.05
396, 1.06
397, 0.68
398, 0.93
399, 1.18
400, 1.14
401, 0.42
402, 0.53
403, 1.13
404, 0.72
405, 0.67
406, 0.41
407, 0.34
408, 0.73
409, 0.94
410, 1.06
411, 0.80
412, 1.00
413, 0.72
414, 1.10
415, 1.07
416, 0.34
417, 0.86
418, 0.72
419, 0.50
420, 0.56
421, 1.23
422, 0.88
423, 1.10
424, 1.06
425, 1.09
426, 0.64
427, 0.67
428, 0.87
429, 0.94
430, 0.90
431, 0.62
432, 0.78
433, 0.50
434, 0.39
435, 1.01
436, 0.40
437, 0.34
438, 0.71
439, 0.62
440, 0.75
441, 0.50
442, 1.06
443, 0.54
444, 0.66
445, 1.04
446, 1.24
447, 1.03
448, 0.89
449, 0.53
450, 0.71
451, 0.65
452, 1.21
453, 0.61
454, 0.66
455, 0.36
456, 1.00
457, 0.79
458, 0.52
459, 1.15
460, 0.98
461, 0.75
462, 1.09
463, 0.49
464, 0.35
465, 0.40
466, 0.66
467, 0.42
468, 0.88
469, 1.21
470, 1.04
471, 0.88
472, 0.55
473, 1.04
474, 0.27
475, 1.20
476, 0.47
477, 0.41
478, 0.61
479, 0.56
480, 1.03
481, 0.62
482, 0.41
483, 1.19
484, 0.95
485, 0.96
486, 0.84
487, 0.32
488, 0.60
489, 0.89
490, 0.32
491, 0.33
492, 0.31
493, 0.51
494, 1.08
495, 1.12
496, 0.88
497, 0.48
498, 0.49
499, 0.38
500, 0.70
501, 1.19
502, 0.48
503, 1.24
504, 0.76
505, 0.78
506, 0.74
507, 0.94
508, 0.38
509, 1.06
510, 0.37
511, 0.95
512, 1.10
513, 0.33
514, 0.56
515, 1.14
516, 1.09
517, 1.18
518, 0.35
519, 1.00
520, 0.59
521, 0.96
522, 0.77
523, 0.60
524, 0.94
525, 0.77
526, 1.01
527, 1.08
528, 0.80
529, 0.73
530, 1.09
531, 0.98
532, 0.56
533, 0.99
534, 0.62
535, 1.15
536, 1.11
537, 1.18
538, 0.53
539, 0.50
540, 0.45
541, 1.13
542, 0.66
543, 0.92
544, 0.91
545, 0.46
546, 0.44
547, 0.77
548, 0.51
549, 0.66
550, 1.09
551, 0.46
552, 0.84
553, 0.94
554, 0.93
555, 0.88
556, 1.16
557, 1.32
558, 1.05
559, 0.34
560, 0.48
561, 0.79
562, 0.54
563, 0.81
564, 1.13
565, 0.99
566, 0.85
567, 1.01
568, 0.32
569, 0.42
570, 0.67
571, 0.30
572, 1.23
573, 1.00
574, 0.26
575, 0.62
576, 0.83
577, 0.89
578, 0.74
579, 0.42
580, 0.89
581, 1.00
582, 0.56
583, 0.88
584, 1.25
585, 0.88
586, 1.06
587, 0.72
588, 0.37
589, 0.64
590, 0.77
591, 0.92
592, 0.49
593, 0.34
594, 0.59
595, 0.62
596, 0.60
597, 0.40
598, 0.39
599, 1.25
600, 1.14
601, 0.37
602, 1.10
603, 1.09
604, 0.58
605, 1.26
606, 1.04
607, 0.71
608, 0.36
609, 0.57
610, 0.72
611, 1.00
612, 0.83
613, 1.17
614, 0.33
615, 0.55
616, 1.07
617, 1.09
618, 0.38
619, 0.53
620, 0.32
621, 0.94
622, 0.41
623, 0.68
624, 0.79
625, 0.50
626, 0.40
627, 1.13
628, 1.12
629, 0.91
630, 0.30
631, 1.03
632, 1.12
633, 0.96
634, 0.65
635, 1.15
636, 0.91
637, 0.82
638, 1.26
639, 1.05
640, 1.26
641, 1.14
642, 0.60
643, 0.58
644, 0.74
645, 0.30
646, 0.40
647, 0.79
648, 0.66
649, 0.70
650, 0.48
651, 1.27
652, 1.17
653, 0.28
654, 0.64
655, 0.82
656, 0.88
657, 0.54
658, 0.57
659, 0.60
660, 0.94
661, 0.31
662, 0.78
663, 1.26
664, 0.82
665, 1.07
666, 0.39
667, 0.77
668, 0.70
669, 0.24
670, 1.23
671, 1.00
672, 0.65
673, 0.73
674, 1.14
675, 0.45
676, 0.32
677, 0.38
678, 0.54
679, 0.66
680, 0.87
681, 0.36
682, 0.34
683, 0.84
684, 0.40
685, 0.60
686, 0.76
687, 0.77
688, 0.84
689, 0.91
690, 0.26
691, 0.56
692, 0.71
693, 0.30
694, 1.02
695, 0.74
696, 0.73
697, 0.67
698, 0.84
699, 0.93
700, 1.00
701, 0.33
702, 0.92
703, 0.90
704, 0.64
705, 0.68
706, 0.47
707, 0.66
708, 0.53
709, 0.69
710, 1.03
711, 0.87
712, 0.94
713, 0.58
714, 1.22
715, 0.77
716, 0.76
717, 1.00
718, 0.88
719, 1.02
720, 0.31
721, 1.08
722, 0.62
723, 0.28
724, 0.60
725, 0.82
726, 1.22
727, 0.62
728, 0.60
729, 1.26
730, 1.07
731, 0.40
732, 1.19
733, 0.54
734, 0.79
735, 0.90
736, 0.81
737, 0.30
738, 1.19
739, 0.74
740, 0.79
741, 1.19
742, 1.06
743, 0.72
744, 1.14
745, 0.84
746, 0.67
747, 0.84
748, 0.38
749, 0.83
750, 1.24
751, 0.65
752, 0.56
753, 0.88
754, 0.48
755, 0.57
756, 0.46
757, 0.58
758, 0.49
759, 0.72
760, 0.44
761, 0.63
762, 0.36
763, 0.29
764, 0.40
765, 0.47
766, 0.31
767, 1.05
768, 0.60
769, 0.78
770, 0.61
771, 1.27
772, 0.89
773, 0.33
774, 1.24
775, 0.33
776, 1.09
777, 0.64
778, 0.57
779, 0.76
780, 0.89
781, 0.36
782, 0.64
783, 0.70
784, 0.78
785, 0.47
786, 1.18
787, 0.91
788, 1.25
789, 1.07
790, 0.58
791, 0.74
792, 0.76
793, 1.13
794, 0.67
795, 0.30
796, 0.47
797, 0.44
798, 0.92
799, 0.48
800, 0.38
801, 0.31
802, 0.68
803, 0.66
804, 0.43
805, 1.22
806, 0.30
807, 1.24
808, 0.45
809, 1.24
810, 0.31
811, 0.71
812, 0.38
813, 0.90
814, 0.77
815, 0.52
816, 0.36
817, 0.54
818, 0.74
819, 0.44
820, 0.70
821, 0.89
822, 0.51
823, 0.66
824, 0.93
825, 1.15
826, 0.77
827, 0.43
828, 0.92
829, 1.21
830, 0.37
831, 1.24
832, 1.01
833, 0.76
834, 1.18
835, 1.22
836, 0.42
837, 0.29
838, 0.79
839, 0.65
840, 0.51
841, 0.30
842, 0.53
843, 0.54
844, 1.07
845, 0.78
846, 0.50
847, 0.38
848, 0.52
849, 0.31
850, 0.98
851, 0.56
852, 0.83
853, 0.35
854, 1.00
855, 0.88
856, 0.83
857, 0.80
858, 0.31
859, 0.69
860, 0.72
861, 0.73
862, 0.87
863, 0.99
864, 1.00
865, 0.72
866, 0.48
867, 0.28
868, 1.02
869, 1.16
870, 0.85
871, 0.48
872, 0.48
873, 0.55
874, 0.49
875, 1.26
876, 0.73
877, 0.98
878, 0.87
879, 0.36
880, 0.93
881, 1.06
882, 1.09
883, 0.70
884, 1.14
885, 1.13
886, 0.89
887, 0.76
888, 0.74
889, 1.12
890, 0.69
891, 0.53
892, 0.91
893, 0.83
894, 0.99
895, 0.35
896, 0.86
897, 0.50
898, 0.73
899, 0.63
900, 0.93
901, 1.09
902, 1.26
903, 1.34
904, 0.91
905, 1.07
906, 1.02
907, 1.26
908, 1.20
909, 1.14
910, 0.90
911, 0.80
912, 1.06
913, 0.38
914, 0.54
915, 0.82
916, 1.03
917, 1.00
918, 0.46
919, 1.05
920, 1.00
921, 0.33
922, 1.25
923, 0.56
924, 0.99
925, 1.18
926, 0.83
927, 0.40
928, 0.33
929, 1.10
930, 1.11
931, 0.63
932, 0.34
933, 1.17
934, 0.46
935, 0.75
936, 0.42
937, 0.81
938, 0.32
939, 0.39
940, 0.67
941, 1.17
942, 1.15
943, 0.44
944, 0.32
945, 0.58
946, 1.07
947, 0.85
948, 0.86
949, 0.68
950, 1.23
951, 0.68
952, 0.37
953, 0.58
954, 1.03
955, 1.16
956, 0.64
957, 0.82
958, 1.18
959, 0.50
960, 0.40
961, 0.55
962, 0.96
963, 1.14
964, 0.80
965, 0.69
966, 0.98
967, 1.17
968, 0.92
969, 0.95
970, 0.36
971, 1.07
972, 0.67
973, 1.15
974, 0.37
975, 0.58
976, 0.56
977, 0.96
978, 0.50
979, 0.46
980, 1.19
981, 0.87
982, 0.87
983, 0.93
984, 0.50
985, 0.51
986, 0.84
987, 0.28
988, 1.12
989, 0.46
990, 0.77
991, 0.61
992, 0.49
993, 0.73
994, 0.42
995, 0.66
996, 0.69
997, 0.91
998, 1.17
999, 0.60
1000, 0.79
1001, 0.40
1002, 0.76
1003, 0.58
1004, 0.58
1005, 0.83
1006, 0.93
1007, 0.26
1008, 0.34
1009, 0.79
1010, 1.12
1011, 1.02
1012, 1.22
1013, 0.30
1014, 0.84
1015, 1.08
1016, 1.26
1017, 0.88
1018, 0.67
1019, 0.92
1020, 0.28
1021, 0.65
1022, 0.80
1023, 0.48
1024, 0.44
1025, 0.66
1026, 0.66
1027, 0.74
1028, 0.58
1029, 0.85
1030, 0.82
1031, 1.04
1032, 0.84
1033, 0.43
1034, 0.35
1035, 0.97
1036, 0.79
1037, 0.78
1038, 0.78
1039, 0.97
1040, 0.73
1041, 0.65
1042, 0.33
1043, 0.91
1044, 1.28
1045, 0.69
1046, 1.27
1047, 0.53
1048, 0.70
1049, 0.87
1050, 0.59
1051, 1.18
1052, 0.59
1053, 0.63
1054, 1.16
1055, 1.03
1056, 1.02
1057, 0.56
1058, 1.24
1059, 1.10
1060, 1.08
1061, 0.45
1062, 0.91
1063, 0.36
1064, 0.29
1065, 0.88
1066, 0.52
1067, 1.21
1068, 0.94
1069, 0.59
1070, 1.19
1071, 0.89
1072, 0.85
1073, 0.57
1074, 0.76
1075, 0.94
1076, 0.76
1077, 0.36
1078, 0.32
1079, 0.50
1080, 0.58
1081, 1.05
1082, 1.19
1083, 1.14
1084, 0.67
1085, 1.12
1086, 1.21
1087, 0.59
1088, 0.79
1089, 0.29
1090, 0.47
1091, 0.86
1092, 0.70
1093, 0.99
1094, 0.77
1095, 1.01
1096, 0.31
1097, 1.05
1098, 0.56
1099, 0.51
1100, 0.70
1101, 0.66
1102, 0.87
1103, 0.97
1104, 0.83
1105, 0.95
1106, 1.10
1107, 1.02
1108, 0.73
1109, 1.17
1110, 0.76
1111, 0.71
1112, 0.52
1113, 1.13
1114, 0.76
1115, 0.66
1116, 1.24
1117, 0.77
1118, 0.64
1119, 0.38
1120, 0.60
1121, 0.42
1122, 0.68
1123, 1.12
1124, 0.63
1125, 0.53
1126, 0.49
1127, 0.82
1128, 0.61
1129, 0.38
1130, 0.63
1131, 0.56
1132, 1.22
1133, 0.29
1134, 0.91
1135, 0.84
1136, 1.14
1137, 0.58
1138, 1.22
1139, 0.85
1140, 1.14
1141, 1.26
1142, 1.15
1143, 0.60
1144, 1.03
1145, 0.47
1146, 0.58
1147, 1.00
1148, 1.18
1149, 0.62
1150, 1.13
1151, 1.11
1152, 1.12
1153, 0.38
1154, 0.96
1155, 0.60
1156, 0.33
1157, 0.85
1158, 0.53
1159, 0.66
1160, 0.52
1161, 0.41
1162, 1.27
1163, 0.45
1164, 0.54
1165, 0.44
1166, 0.37
1167, 0.81
1168, 0.59
1169, 0.89
1170, 0.78
1171, 0.62
1172, 1.12
1173, 0.31
1174, 0.76
1175, 1.01
1176, 0.80
1177, 1.12
1178, 0.34
1179, 0.98
1180, 1.22
1181, 1.12
1182, 0.34
1183, 0.96
1184, 1.21
1185, 1.08
1186, 0.54
1187, 0.98
1188, 0.54
1189, 0.45
1190, 0.80
1191, 1.16
1192, 0.98
1193, 0.34
1194, 0.40
1195, 1.16
1196, 1.23
1197, 0.86
1198, 0.92
1199, 0.79
1200, 0.58
1201, 0.57
1202, 0.35
1203, 0.78
1204, 0.79
1205, 0.40
1206, 1.24
1207, 0.96
1208, 0.53
1209, 0.78
1210, 0.86
1211, 1.01
1212, 1.12
1213, 1.16
1214, 1.10
1215, 0.45
1216, 0.51
1217, 0.29
1218, 0.47
1219, 0.42
1220, 0.69
1221, 1.24
1222, 0.48
1223, 1.12
1224, 0.75
1225, 0.46
1226, 0.72
1227, 1.27
1228, 0.44
1229, 0.50
1230, 0.66
1231, 0.65
1232, 1.02
1233, 0.36
1234, 0.37
1235, 0.93
1236, 0.80
1237, 0.86
1238, 0.91
1239, 0.51
1240, 0.37
1241, 0.58
1242, 0.75
1243, 1.14
1244, 0.36
1245, 0.81
1246, 1.16
1247, 0.91
1248, 1.23
1249, 0.59
1250, 0.80
1251, 1.06
1252, 0.90
1253, 0.60
1254, 0.94
1255, 0.36
1256, 1.24
1257, 1.18
1258, 0.94
1259, 0.98
1260, 0.74
1261, 0.47
1262, 0.98
1263, 0.66
1264, 1.15
1265, 1.16
1266, 1.04
1267, 1.04
1268, 0.34
1269, 0.34
1270, 0.87
1271, 0.90
1272, 1.24
1273, 1.04
1274, 1.07
1275, 0.69
1276, 1.04
1277, 0.82
1278, 0.72
1279, 1.07
1280, 0.95
1281, 0.47
1282, 1.07
1283, 0.60
1284, 0.67
1285, 0.29
1286, 1.02
1287, 0.34
1288, 1.02
1289, 1.19
1290, 0.74
1291, 0.70
1292, 1.07
1293, 1.22
1294, 0.90
1295, 0.45
1296, 1.19
1297, 0.89
1298, 0.97
1299, 0.57
1300, 0.28
1301, 0.91
1302, 1.23
1303, 0.74
1304, 0.30
1305, 0.35
1306, 0.53
1307, 1.14
1308, 1.20
1309, 1.20
1310, 0.89
1311, 0.44
1312, 0.64
1313, 0.72
1314, 0.30
1315, 0.47
1316, 0.50
1317, 1.16
1318, 0.68
1319, 0.96
1320, 1.03
1321, 1.14
1322, 0.93
1323, 0.34
1324, 0.73
1325, 0.35
1326, 0.52
1327, 0.77
1328, 0.62
1329, 0.32
1330, 0.76
1331, 0.84
1332, 0.90
1333, 0.35
1334, 0.76
1335, 0.38
1336, 0.77
1337, 0.40
1338, 0.96
1339, 0.94
1340, 1.14
1341, 1.18
1342, 0.73
1343, 0.30
1344, 0.76
1345, 0.46
1346, 0.66
1347, 1.21
1348, 0.89
1349, 1.08
1350, 1.08
1351, 1.05
1352, 1.22
1353, 1.21
1354, 0.76
1355, 0.32
1356, 0.42
1357, 0.52
1358, 1.15
1359, 0.56
1360, 0.33
1361, 0.28
1362, 0.38
1363, 0.62
1364, 0.40
1365, 0.37
1366, 0.78
1367, 0.50
1368, 0.30
1369, 0.70
1370, 0.47
1371, 0.86
1372, 0.73
1373, 0.47
1374, 0.65
1375, 0.71
1376, 0.79
1377, 0.61
1378, 0.41
1379, 0.62
1380, 0.67
1381, 1.15
1382, 0.58
1383, 0.46
1384, 0.75
1385, 0.87
1386, 0.48
1387, 0.28
1388, 0.43
1389, 1.08
1390, 1.04
1391, 0.84
1392, 1.10
1393, 0.91
1394, 0.80
1395, 0.67
1396, 0.35
1397, 0.30
1398, 0.78
1399, 0.97
1400, 0.91
1401, 0.86
1402, 0.84
1403, 0.53
1404, 0.71
1405, 0.61
1406, 0.95
1407, 1.12
1408, 0.64
1409, 1.24
1410, 0.32
1411, 0.54
1412, 0.72
1413, 0.50
1414, 0.90
1415, 0.47
1416, 0.84
1417, 0.42
1418, 1.03
1419, 0.97
1420, 0.44
1421, 0.73
1422, 0.61
1423, 1.16
1424, 0.35
1425, 1.03
1426, 1.22
1427, 0.64
1428, 0.86
1429, 0.78
1430, 0.55
1431, 0.69
1432, 1.12
1433, 1.08
1434, 0.91
1435, 1.11
1436, 1.08
1437, 0.75
1438, 0.28
1439, 0.39
1440, 0.58
1441, 0.84
1442, 0.46
1443, 1.02
1444, 0.52
1445, 1.10
1446, 0.33
1447, 0.32
1448, 0.74
1449, 0.36
1450, 0.80
1451, 1.18
1452, 0.98
1453, 1.04
1454, 0.32
1455, 0.60
1456, 0.68
1457, 0.47
1458, 0.55
1459, 0.60
1460, 0.66
1461, 1.00
1462, 0.57
1463, 0.29
1464, 0.89
1465, 1.16
1466, 0.38
1467, 0.47
1468, 0.34
1469, 1.18
1470, 0.50
1471, 1.05
1472, 0.76
1473, 0.58
1474, 0.64
1475, 1.24
1476, 0.74
1477, 0.29
1478, 0.57
1479, 1.01
1480, 0.49
1481, 0.37
1482, 0.28
1483, 0.85
1484, 0.40
1485, 1.05
1486, 1.19
1487, 1.13
1488, 0.48
1489, 1.22
1490, 0.65
1491, 0.32
1492, 1.06
1493, 1.00
1494, 0.39
1495, 0.60
1496, 1.00
1497, 1.25
1498, 0.49
1499, 0.44
1500, 0.70
1501, 0.85
1502, 0.88
1503, 0.83
1504, 0.75
1505, 1.12
1506, 0.76
1507, 0.35
1508, 0.60
1509, 0.85
1510, 1.20
1511, 1.11
1512, 0.98
1513, 0.35
1514, 0.90
1515, 0.54
1516, 0.86
1517, 0.48
1518, 1.08
1519, 1.05
1520, 0.76
1521, 0.45
1522, 0.81
1523, 0.68
1524, 0.58
1525, 0.44
1526, 1.11
1527, 1.01
1528, 0.76
1529, 1.17
1530, 0.76
1531, 0.46
1532, 0.56
1533, 0.74
1534, 1.12
1535, 0.66
1536, 0.80
1537, 0.30
1538, 0.60
1539, 0.74
1540, 0.74
1541, 0.28
1542, 0.33
1543, 0.48
1544, 0.99
1545, 0.89
1546, 0.33
1547, 1.22
1548, 0.57
1549, 1.11
1550, 0.70
1551, 0.53
1552, 0.43
1553, 1.04
1554, 0.82
1555, 0.31
1556, 1.24
1557, 0.54
1558, 0.90
1559, 0.35
1560, 0.98
1561, 0.70
1562, 0.85
1563, 0.65
1564, 0.99
1565, 0.88
1566, 0.66
1567, 0.51
1568, 1.04
1569, 1.20
1570, 0.32
1571, 0.89
1572, 0.31
1573, 0.75
1574, 1.26
1575, 0.43
1576, 0.66
1577, 1.16
1578, 1.02
1579, 1.20
1580, 0.72
1581, 0.80
1582, 1.20
1583, 0.44
1584, 0.43
1585, 0.48
1586, 0.42
1587, 0.44
1588, 0.61
1589, 1.14
1590, 0.48
1591, 0.92
1592, 1.01
1593, 0.77
1594, 1.10
1595, 0.64
1596, 1.17
1597, 0.43
1598, 0.57
1599, 0.94
1600, 0.41
1601, 0.43
1602, 0.71
1603, 1.27
1604, 0.74
1605, 0.67
1606, 1.16
1607, 0.70
1608, 1.25
1609, 1.28
1610, 0.41
1611, 0.47
1612, 1.22
1613, 0.33
1614, 1.07
1615, 0.60
1616, 0.73
1617, 1.15
1618, 0.55
1619, 0.28
1620, 1.21
1621, 0.29
1622, 0.63
1623, 1.09
1624, 1.14
1625, 1.11
1626, 0.65
1627, 0.34
1628, 0.85
1629, 1.11
1630, 0.42
1631, 0.83
1632, 0.82
1633, 0.76
1634, 0.74
1635, 0.68
1636, 1.00
1637, 0.50
1638, 0.84
1639, 0.44
1640, 1.10
1641, 0.76
1642, 0.76
1643, 0.59
1644, 0.72
1645, 0.92
1646, 0.88
1647, 1.17
1648, 0.47
1649, 0.90
1650, 0.60
1651, 0.49
1652, 0.53
1653, 1.25
1654, 0.32
1655, 0.30
1656, 0.56
1657, 0.87
1658, 0.79
1659, 0.83
1660, 0.30
1661, 0.46
1662, 1.16
1663, 0.60
1664, 1.24
1665, 1.03
1666, 0.78
1667, 0.50
1668, 0.42
1669, 0.57
1670, 1.01
1671, 0.79
1672, 0.39
1673, 0.70
1674, 1.08
1675, 0.57
1676, 0.60
1677, 1.22
1678, 0.56
1679, 0.54
1680, 1.24
1681, 1.26
1682, 0.70
1683, 0.76
1684, 0.32
1685, 0.82
1686, 1.08
1687, 1.16
1688, 0.82
1689, 0.71
1690, 0.41
1691, 0.94
1692, 1.05
1693, 0.91
1694, 0.92
1695, 0.48
1696, 0.89
1697, 1.22
1698, 0.51
1699, 0.61
1700, 0.94
1701, 1.29
1702, 0.91
1703, 0.81
1704, 0.74
1705, 0.91
1706, 0.78
1707, 0.80
1708, 0.99
1709, 0.42
1710, 0.91
1711, 1.08
1712, 0.90
1713, 0.40
1714, 0.79
1715, 0.50
1716, 1.13
1717, 0.88
1718, 0.82
1719, 0.80
1720, 0.70
1721, 0.29
1722, 0.91
1723, 1.07
1724, 0.65
1725, 0.46
1726, 0.67
1727, 0.62
1728, 0.56
1729, 0.52
1730, 0.99
1731, 0.93
1732, 0.81
1733, 1.13
1734, 1.14
1735, 1.16
1736, 1.19
1737, 0.30
1738, 0.61
1739, 0.48
1740, 0.39
1741, 1.27
1742, 0.62
1743, 0.99
1744, 0.33
1745, 0.72
1746, 0.61
1747, 0.84
1748, 0.47
1749, 0.38
1750, 0.85
1751, 0.45
1752, 0.33
1753, 1.00
1754, 0.96
1755, 0.34
1756, 1.44
1757, 0.70
1758, 0.36
1759, 0.47
1760, 0.74
1761, 0.60
1762, 1.08
1763, 1.21
1764, 0.64
1765, 1.10
1766, 0.78
1767, 0.67
1768, 0.76
1769, 0.30
1770, 0.31
1771, 0.32
1772, 1.10
1773, 0.89
1774, 0.86
1775, 1.18
1776, 1.25
1777, 0.92
1778, 0.74
1779, 0.57
1780, 0.48
1781, 0.64
1782, 0.62
1783, 1.17
1784, 0.70
1785, 0.81
1786, 1.14
1787, 0.62
1788, 1.06
1789, 1.15
1790, 0.75
1791, 0.54
1792, 1.25
1793, 0.74
1794, 0.50
1795, 0.40
1796, 0.44
1797, 1.09
1798, 0.76
1799, 1.21
1800, 1.20
1801, 0.75
1802, 0.73
1803, 0.36
1804, 0.62
1805, 1.04
1806, 0.51
1807, 0.65
1808, 1.15
1809, 0.94
1810, 0.59
1811, 0.58
1812, 1.13
1813, 0.74
1814, 1.28
1815, 0.30
1816, 0.85
1817, 1.10
1818, 0.37
1819, 0.92
1820, 1.00
1821, 0.72
1822, 0.58
1823, 0.94
1824, 1.15
1825, 0.51
1826, 1.20
1827, 0.79
1828, 1.02
1829, 1.03
1830, 0.81
1831, 1.22
1832, 0.66
1833, 0.79
1834, 0.72
1835, 0.82
1836, 0.26
1837, 0.65
1838, 0.32
1839, 0.69
1840, 0.79
1841, 1.06
1842, 0.66
1843, 0.62
1844, 0.58
1845, 0.35
1846, 0.32
1847, 0.53
1848, 0.67
1849, 0.92
1850, 0.55
1851, 1.01
1852, 1.07
1853, 0.40
1854, 0.64
1855, 0.31
1856, 0.51
1857, 0.58
1858, 1.04
1859, 0.57
1860, 1.03
1861, 1.01
1862, 0.55
1863, 1.14
1864, 1.24
1865, 0.89
1866, 0.75
1867, 0.52
1868, 0.78
1869, 0.47
1870, 1.23
1871, 1.20
1872, 0.82
1873, 0.84
1874, 0.98
1875, 1.17
1876, 0.88
1877, 0.48
1878, 0.34
1879, 1.02
1880, 0.34
1881, 0.54
1882, 0.66
1883, 0.98
1884, 0.33
1885, 0.77
1886, 0.75
1887, 0.63
1888, 0.38
1889, 1.20
1890, 0.74
1891, 0.54
1892, 1.15
1893, 1.11
1894, 0.98
1895, 0.60
1896, 1.16
1897, 0.59
1898, 0.77
1899, 0.33
1900, 0.32
1901, 1.16
1902, 1.19
1903, 1.11
1904, 0.97
1905, 1.05
1906, 0.82
1907, 1.15
1908, 0.65
1909, 0.81
1910, 0.69
1911, 0.82
1912, 0.58
1913, 1.22
1914, 0.44
1915, 1.23
1916, 0.94
1917, 1.03
1918, 0.96
1919, 0.92
1920, 0.29
1921, 1.26
1922, 1.12
1923, 1.19
1924, 0.87
1925, 1.06
1926, 0.33
1927, 0.66
1928, 1.28
1929, 1.27
1930, 0.35
1931, 0.42
1932, 0.84
1933, 0.68
1934, 0.46
1935, 0.99
1936, 1.08
1937, 0.37
1938, 0.88
1939, 0.54
1940, 0.78
1941, 1.09
1942, 0.87
1943, 0.75
1944, 0.50
1945, 0.72
1946, 0.70
1947, 0.59
1948, 0.68
1949, 0.76
1950, 1.08
1951, 0.73
1952, 1.17
1953, 0.67
1954, 0.76
1955, 0.64
1956, 0.44
1957, 0.90
1958, 0.79
1959, 0.65
1960, 0.54
1961, 0.64
1962, 0.35
1963, 1.24
1964, 1.00
1965, 1.08
1966, 0.63
1967, 0.38
1968, 0.56
1969, 0.89
1970, 0.55
1971, 1.06
1972, 0.60
1973, 1.09
1974, 1.11
1975, 0.55
1976, 0.93
1977, 0.67
1978, 0.92
1979, 1.19
1980, 1.23
1981, 1.18
1982, 0.40
1983, 1.20
1984, 0.36
1985, 1.18
1986, 1.20
1987, 0.26
1988, 0.44
1989, 0.96
1990, 1.23
1991, 0.58
1992, 0.93
1993, 1.14
1994, 0.65
1995, 0.50
1996, 0.68
1997, 0.50
1998, 0.50
1999, 0.73
2000, 0.47
