"Make","Model","Device","Mode","Wired / Wireless","Connection","Wireless Connection","Joystick Firmware Version (or PCB Version)","Receiver / Adapter Firmware Version","USB Polling Interval","Home Button","All Buttons Mappable?","Tier","Number of Samples","Same Frame Probability","Average Measured Latency (in ms)","Max Measured Latency (in ms)","Min Measured Latency (in ms)","Standard Deviation of Measured Latency (in ms)","Valid Results","Joystick ID","Notes","Tester","Date Added","Category","Face Buttons","Weight (oz)","""Feel"" (0-10)","Feel Notes"
"2600-daptor","D9","2600-daptor - D9","","Wired","Wired USB","-","","","1 ms","NO","","A","2212.0","0.897736","1.7044","2.244","1.18","0.29","YES","04d8:f6eb","","MiSter Addons","43988.0","Controller Adapter","-","-","-","-"
"8BitDo","Arcade Stick for Switch and Windows","8BitDo - Arcade Stick for Switch and Windows","","Wireless","BT (CSR8510)","Bluetooth","","","1 ms","YES","","B","2010.0","0.558238","7.3627","18.8","2.284","2.017","YES","","","@snackycakes","44162.0","Joystick","8.0","","",""
"8BitDo","Arcade Stick for Switch and Windows","8BitDo - Arcade Stick for Switch and Windows","","Wired","Wired USB","-","","","1 ms","YES","","C","2003.0","0.34825","10.8625","21.244","0.788","4.357","YES","","","@snackycakes","44162.0","Joystick","8.0","","",""
"8BitDo","Arcade Stick for Switch and Windows","8BitDo - Arcade Stick for Switch and Windows","","Wireless","2.4 GHz","2.4 GHz","","","1 ms","YES","","C","2011.0","0.333862","11.1023","16.512","5.788","2.863","YES","","","@snackycakes","44162.0","Joystick","8.0","","",""
"8BitDo","G Bros","8BitDo - G Bros","","Wired","Nintendo Wii Classic Controller","-","","","1 ms","YES","-","B","3191.0","0.6238998746","6.268335423","11.7","0.86","2.91506525","YES","","","MiSter Addons","44416.0","Controller Adapter","-","-","",""
"8BitDo","M30 (Bluetooth)","8BitDo - M30 (Bluetooth)","","Wired","Wired USB","-","","-","1 ms","YES","Not Star","B","","0.6556","5.74","11.1","0.32","","YES","054c:05c4","","Jorge_ (CGD)","43976.0","Controller","6.0","4.0","9.0","High quality feel. Concerns over Dpad ""creak"" and wear. Small X, Y, and Z aren't ideal. Nice texture and heft."
"8BitDo","M30 (Bluetooth)","8BitDo - M30 (Bluetooth)","","Wired","Wired USB","-","","-","1 ms","YES","Not Star","B","5808.0","0.65392","5.768","12.136","0.384","2.589","YES","054c:05c4","","Newsdee (CGD)","43991.0","Controller","6.0","4.0","9.0","High quality feel. Concerns over Dpad ""creak"" and wear. Small X, Y, and Z aren't ideal. Nice texture and heft."
"8BitDo","M30 (Bluetooth)","8BitDo - M30 (Bluetooth)","","Wireless","BT (CSR8510)","Bluetooth","","-","1 ms","YES","Not Star","C","","0.3388","11.02","16.21","4.28","","YES","","","Jorge_ (CGD)","43976.0","Controller","6.0","4.0","9.0","High quality feel. Concerns over Dpad ""creak"" and wear. Small X, Y, and Z aren't ideal. Nice texture and heft."
"8BitDo","M30 (Genesis DE9)","8BitDo - M30 (Genesis DE9)","","Wired","Wired USB","-","","","1 ms","YES","Not Star","A","2030.0","0.936118","1.0647","1.792","0.34","0.314","YES","045e:028e","","MiSTer Addons","43981.0","Controller","6.0","4.0","9.0","High quality feel. Concerns over Dpad ""creak"" and wear. Small X, Y, and Z aren't ideal. Nice texture and heft."
"8BitDo","M30 (Genesis DE9)","8BitDo - M30 (Genesis DE9)","","Wireless","2.4 GHz DE9 (DaemonBite)","2.4 GHz","","","1 ms","YES","Not Star","A","2348.0","0.7276","4.54","8.05","2.22","1.31","YES","2341:8036","","MickGyver","43976.0","Controller","6.0","4.0","9.0","High quality feel. Concerns over Dpad ""creak"" and wear. Small X, Y, and Z aren't ideal. Nice texture and heft."
"8BitDo","M30 (Genesis Mini & Switch)","8BitDo - M30 (Genesis Mini & Switch)","","Wired","Wired USB","-","","-","1 ms","YES","Not Star","A","","0.937","1.05","1.62","0.47","","YES","","","Jorge_ (CGD)","43976.0","Controller","6.0","4.0","9.0","High quality feel. Concerns over Dpad ""creak"" and wear. Small X, Y, and Z aren't ideal. Nice texture and heft."
"8BitDo","M30 (Genesis Mini & Switch)","8BitDo - M30 (Genesis Mini & Switch)","","Wireless","2.4 GHz USB","2.4 GHz","","","1 ms","YES","Not Star","C","","0.352","10.8","20.08","2.96","","YES","","","Jorge_ (CGD)","43976.0","Controller","6.0","4.0","9.0","High quality feel. Concerns over Dpad ""creak"" and wear. Small X, Y, and Z aren't ideal. Nice texture and heft."
"8BitDo","N30 2.4G NES Classic (Model 81BA)","8BitDo - N30 2.4G NES Classic (Model 81BA)","","Wireless","Raphnet","2.4 GHz","","2.2.2","1 ms","YES","","B","2115.0","0.416128","9.7312","42.052","3.048","4.74","YES","289b:0080","","MiSTer Addons","44011.0","Controller","2.0","","",""
"8BitDo","N30 Arcade Stick","8BitDo - N30 Arcade Stick [D-Input]","D-Input","Wired","Wired USB","-","Mini JOYSTICK V161222","","1 ms","NO","","A","2001.0","0.938506","1.0249","1.56","0.5","0.289","YES","0c45:8101","","MiSTer Addons","44011.0","Joystick","8.0","-","",""
"8BitDo","N30 Arcade Stick","8BitDo - N30 Arcade Stick [MacOS (A+Start)]","MacOS (A+Start)","Wireless","BT (CSR8510)","Bluetooth","Mini JOYSTICK V161223","","1 ms","NO","","D","2232.0","0.09142","15.143","44.848","3.664","6.213","YES","05cc:05c4","","MiSTer Addons","44011.0","Joystick","8.0","","",""
"8BitDo","N30 Arcade Stick","8BitDo - N30 Arcade Stick [Switch (Y+Start)]","Switch (Y+Start)","Wireless","BT (CSR8510)","Bluetooth","Mini JOYSTICK V161223","","1 ms","NO","","D","2403.0","0.054004","15.7666","45.128","4.072","6.328","YES","045e:02e0","","MiSTer Addons","44011.0","Joystick","8.0","","",""
"8BitDo","N30 Arcade Stick","8BitDo - N30 Arcade Stick [Windows (X+Start)]","Windows (X+Start)","Wireless","BT (CSR8510)","Bluetooth","Mini JOYSTICK V161223","","1 ms","NO","","B","2022.0","0.621688","6.3052","17.88","4.144","1.129","YES","045e:02e0","","MiSTer Addons","44011.0","Joystick","8.0","","",""
"8BitDo","N30 Arcade Stick","8BitDo - N30 Arcade Stick [X-Input]","X-Input","Wired","Wired USB","-","Mini JOYSTICK V161223","","1 ms","NO","","A","2061.0","0.939988","1.0002","1.54","0.484","0.289","YES","045e:028e","","MiSTer Addons","44011.0","Joystick","8.0","-","",""
"8BitDo","NES30","8BitDo - NES30","","Wired","Wired USB","-","","-","1 ms","NO","","S","2087.0","0.947794","0.8701","1.38","0.356","0.29","YES","2dc8:ab12","","MiSTer Addons","43978.0","Controller","4.0","3.25","",""
"8BitDo","NES30","8BitDo - NES30","","Wireless","8Bitdo Wireless Bluetooth (D-Input / Select + Left)","Bluetooth","4.10","1.31","1 ms","NO","","B","2528.0","0.65974","5.671","17.612","3.848","0.899","YES","2dc8:3100","Not able to repeat these magical results, somehow. Thought the firmware was 1.31 but no record of it existing.","MiSTer Addons","43978.0","Controller","4.0","3.25","",""
"8BitDo","NES30","8BitDo - NES30","","Wireless","8Bitdo Wireless Bluetooth (Switch Mode / Default)","Bluetooth","4.10","1.31","1 ms","NO","","B","2033.0","0.656554","5.7241","21.024","3.828","1.117","YES","054c:05c4","Not able to repeat these magical results, somehow. Thought the firmware was 1.31 but no record of it existing.","MiSTer Addons","43978.0","Controller","4.0","3.25","",""
"8BitDo","NES30","8BitDo - NES30","","Wireless","8Bitdo Wireless Bluetooth (X-Input / Select + Up)","Bluetooth","4.10","1.31","1 ms","NO","","B","2104.0","0.653374","5.7771","22.324","3.852","1.084","YES","045e:028e","Not able to repeat these magical results, somehow. Thought the firmware was 1.31 but no record of it existing.","MiSTer Addons","43978.0","Controller","4.0","3.25","",""
"8BitDo","NES30","8BitDo - NES30","","Wireless","8Bitdo Wireless Bluetooth (D-Input / Select + Left)","Bluetooth","4.10","1.32","1 ms","NO","","C","9395.0","0.363064","10.6156","20.068","4.096","2.995","YES","2dc8:3100","","MiSTer Addons","43988.0","Controller","4.0","3.25","",""
"8BitDo","NES30","8BitDo - NES30","","Wireless","8Bitdo Wireless Bluetooth (D-Input / Select + Left)","Bluetooth","4.20","1.30","1 ms","NO","","C","4737.0","0.362086","10.6319","32.176","4.108","3.011","YES","054c:05c4","","MiSTer Addons","43988.0","Controller","4.0","3.25","",""
"8BitDo","NES30","8BitDo - NES30","","Wireless","8Bitdo Wireless Bluetooth (D-Input / Select + Left)","Bluetooth","4.10","1.30","1 ms","NO","","C","2384.0","0.361288","10.6452","30.82","3.852","3.05","YES","2dc8:3100","","MiSTer Addons","43978.0","Controller","4.0","3.25","",""
"8BitDo","NES30","8BitDo - NES30","","Wireless","8Bitdo Wireless Bluetooth (X-Input / Select + Up)","Bluetooth","4.10","1.32","1 ms","NO","","C","2094.0","0.360892","10.6518","19.928","4.024","3.058","YES","045e:028e","","MiSTer Addons","43988.0","Controller","4.0","3.25","",""
"8BitDo","NES30","8BitDo - NES30","","Wireless","8Bitdo Wireless Bluetooth (X-Input / Select + Up)","Bluetooth","4.10","1.30","1 ms","NO","","C","26106.0","0.357694","10.7051","28.412","4.008","3.139","YES","045e:028e","","MiSTer Addons","43978.0","Controller","4.0","3.25","",""
"8BitDo","NES30","8BitDo - NES30","","Wireless","8Bitdo Wireless Bluetooth (MacOS / Default)","Bluetooth","4.10","1.32","1 ms","NO","","D","2055.0","0","122.8396","197.728","0.404","25.267","NO","054c:05c4","1.32 firmware may have regressed performance. Interferes with cheap 2.4G keyboard+trackpad","MiSTer Addons","43988.0","Controller","4.0","3.25","",""
"8BitDo","NES30","8BitDo - NES30","","Wireless","8Bitdo Wireless Bluetooth (MacOS / Default)","Bluetooth","4.20","1.32","1 ms","NO","","D","3042.0","0","123.2623","197.224","0.808","25.642","NO","054c:05c4","1.32 firmware may have regressed performance. Interferes with cheap 2.4G keyboard+trackpad","MiSTer Addons","43988.0","Controller","4.0","3.25","",""
"8BitDo","NES30","8BitDo - NES30","","Wireless","8Bitdo Wireless Bluetooth (MacOS / Default)","Bluetooth","4.20","1.30","1 ms","NO","","","","","","","","","","054c:05c4","Pairs but buttons don't map","MiSTer Addons","43988.0","Controller","2.0","3.25","",""
"8BitDo","NES30","8BitDo - NES30 [Android (B+Start)]","Android (B+Start)","Wireless","BT (CSR8510)","Bluetooth","","-","1 ms","NO","","D","2996.0","0.087106","15.2149","43.212","3.308","6.228","YES","","","MiSTer Addons","43978.0","Controller","4.0","3.25","",""
"8BitDo","NES30","8BitDo - NES30 [MacOS (A+Start)]","MacOS (A+Start)","Wireless","BT (CSR8510)","Bluetooth","","-","1 ms","NO","","B","2034.0","0.414328","9.7612","31.96","3.328","3.497","YES","","","MiSTer Addons","43978.0","Controller","4.0","3.25","",""
"8BitDo","NES30","8BitDo - NES30 [Switch (Y+Start)]","Switch (Y+Start)","Wireless","BT (CSR8510)","Bluetooth","","-","1 ms","NO","","C","8314.0","0.106888","14.8852","44.584","3.412","6.177","YES","","","MiSTer Addons","43978.0","Controller","4.0","3.25","",""
"8BitDo","NES30","8BitDo - NES30 [Windows (X+Start)]","Windows (X+Start)","Wireless","BT (CSR8510)","Bluetooth","","-","1 ms","NO","","D","2005.0","0.051322","15.8113","44.528","4.008","6.221","YES","045e:02e0","","MiSTer Addons","43978.0","Controller","4.0","3.25","",""
"8BitDo","PCE 2.4G Wireless Gamepad","8BitDo - PCE 2.4G Wireless Gamepad","","Wired","Wired USB","-","2.14","","1 ms","YES","Not Turbo I and II","A","2041.0","0.93802","1.033","8.008","0.38","0.345","YES","045e:028e","","MiSTer Addons","43981.0","Controller","2.0","2.7","",""
"8BitDo","PCE 2.4G Wireless Gamepad","8BitDo - PCE 2.4G Wireless Gamepad","","Wired","Wired USB","-","2.15","","1 ms","YES","Not Turbo I and II","A","2778.0","0.937","1.05","1.728","0.348","0.309","YES","045e:028e","","MiSTer Addons","43981.0","Controller","2.0","2.7","",""
"8BitDo","PCE 2.4G Wireless Gamepad","8BitDo - PCE 2.4G Wireless Gamepad","","Wireless","8BitDo 2.4G USB Dongle","2.4 GHz","2.15","","1 ms","YES","Not Turbo I and II","B","2049.0","0.554584","7.4236","23.196","0.436","3.147","YES","0f0d:0138","","MiSTer Addons","43981.0","Controller","2.0","2.7","",""
"8BitDo","PCE 2.4G Wireless Gamepad","8BitDo - PCE 2.4G Wireless Gamepad","","Wireless","8BitDo 2.4G USB Dongle","2.4 GHz","2.14","","1 ms","YES","Not Turbo I and II","B","2064.0","0.545794","7.5701","19.4","2.252","3.018","YES","0f0d:0138","","MiSTer Addons","43981.0","Controller","2.0","2.7","",""
"8BitDo","Pro 2","8BitDo - Pro 2 [Android]","Android","Wired","Wired USB","-","","","","YES","","B","2564.0","0.633802","6.1033","12.98","0.764","2.902","YES","","","Sofakng","44309.0","Controller","4.0","","",""
"8BitDo","Pro 2","8BitDo - Pro 2 [Android]","Android","Wireless","BT (CSR8510)","Bluetooth","","","","YES","","D","2187.0","0","19.8239","42.704","3.12","6.975","YES","","","Sofakng","44309.0","Controller","4.0","","",""
"8BitDo","Pro 2","8BitDo - Pro 2 [Android]","Android","Wireless","8Bitdo Wireless Bluetooth","Bluetooth","","","","YES","","D","2324.0","0","22.4216","44.064","7.62","6.589","YES","","","Sofakng","44309.0","Controller","4.0","","",""
"8BitDo","Pro 2","8BitDo - Pro 2 [DInput]","DInput","Wired","Wired USB","-","","","","YES","","B","2406.0","0.630856","6.1524","11.54","0.652","2.897","YES","","","Sofakng","44309.0","Controller","4.0","","",""
"8BitDo","Pro 2","8BitDo - Pro 2 [DInput]","DInput","Wireless","BT (CSR8510)","Bluetooth","","","","YES","","D","2126.0","0","18.3892","32.908","4.024","6.284","YES","","","Sofakng","44309.0","Controller","4.0","","",""
"8BitDo","Pro 2","8BitDo - Pro 2 [Switch]","Switch","Wireless","8Bitdo Wireless Bluetooth","Bluetooth","","","","YES","","D","2234.0","0","21.4846","152.596","6.676","9.27","YES","","","Sofakng","44309.0","Controller","4.0","","",""
"8BitDo","Pro 2","8BitDo - Pro 2 [XInput]","XInput","Wired","Wired USB","-","","","","YES","","B","2421.0","0.637642","6.0393","11.552","0.612","2.901","YES","","","Sofakng","44309.0","Controller","4.0","","",""
"8BitDo","Pro 2","8BitDo - Pro 2 [XInput]","XInput","Wireless","BT (CSR8510)","Bluetooth","","","","YES","","D","2163.0","0","18.1188","36.24","3.58","6.282","YES","","","Sofakng","44309.0","Controller","4.0","","",""
"8BitDo","SFC30 (1st Rev.)","8BitDo - SFC30 (1st Rev.)","","Wired","Wired USB","-","","-","1 ms","NO","","S","","0.9496","0.84","1.34","0.32","","YES","","","Jorge_ (CGD)","43976.0","Controller","4.0","3.4","",""
"8BitDo","SN30 (Model 80BA)","8BitDo - SN30 (Model 80BA)","","Wired","Wired USB","-","4.1","-","1 ms","NO","","S","2020.0","0.947602","0.8733","1.388","0.356","0.289","YES","2dc8:ab20","","MiSTer Addons","43978.0","Controller","4.0","3.4","",""
"8BitDo","SN30 (Model 80BA)","8BitDo - SN30 (Model 80BA)","","Wireless","8Bitdo Wireless Bluetooth (X-Input / Select + Up)","Bluetooth","4.1","1.32","1 ms","NO","","C","6609.0","0.364828","10.5862","23.836","4.184","2.976","YES","045e:028e","","MiSTer Addons","43988.0","Controller","4.0","3.4","",""
"8BitDo","SN30 (Model 80BA)","8BitDo - SN30 (Model 80BA)","","Wireless","8Bitdo Wireless Bluetooth (D-Input / Select + Left)","Bluetooth","4.1","1.32","1 ms","NO","","C","2061.0","0.36361","10.6065","20.56","4.512","2.974","YES","2dc8:3100","","MiSTer Addons","43988.0","Controller","4.0","3.4","",""
"8BitDo","SN30 (Model 80BA)","8BitDo - SN30 (Model 80BA)","","Wireless","8Bitdo Wireless Bluetooth (MacOS / Select + Right)","Bluetooth","4.1","1.32","1 ms","NO","","D","2092.0","0","122.5905","195.464","6.744","25.12","NO","054c:05c4","1.32 firmware may have regressed performance. Interferes with cheap 2.4G keyboard+trackpad","MiSTer Addons","43988.0","Controller","4.0","3.4","",""
"8BitDo","SN30 (Model 80BA)","8BitDo - SN30 (Model 80BA) [Android (B+Start)]","Android (B+Start)","Wireless","BT (CSR8510)","Bluetooth","4.1","-","1 ms","NO","","D","2004.0","0.086794","15.2201","48.976","3.448","6.531","YES","2dc8:2840","","MiSTer Addons","43978.0","Controller","4.0","3.4","",""
"8BitDo","SN30 (Model 80BA)","8BitDo - SN30 (Model 80BA) [MacOS (A+Start)]","MacOS (A+Start)","Wireless","BT (CSR8510)","Bluetooth","4.1","-","1 ms","NO","","B","2005.0","0.410542","9.8243","30.368","3.452","3.515","YES","05cc:05c4","","MiSTer Addons","43978.0","Controller","4.0","3.4","",""
"8BitDo","SN30 (Model 80BA)","8BitDo - SN30 (Model 80BA) [Windows (X+Start)]","Windows (X+Start)","Wireless","BT (CSR8510)","Bluetooth","4.1","-","1 ms","NO","","D","2005.0","0.051322","15.8113","44.528","4.008","6.221","YES","045e:02e0","","MiSTer Addons","43978.0","Controller","4.0","3.4","",""
"8BitDo","SN30 2.4G SNES (Model 81AD)","8BitDo - SN30 2.4G SNES (Model 81AD)","","Wired","Wired USB","-","","","1 ms","NO","","A","2214.0","0.939808","1.0032","1.684","0.328","0.311","YES","045e:028e","","MiSTer Addons","44032.0","Controller","4.0","3.15","",""
"8BitDo","SN30 2.4G SNES (Model 81AD)","8BitDo - SN30 2.4G SNES (Model 81AD)","","Wireless","2.4 GHz SNES (DaemonBite)","2.4 GHz","","","1 ms","NO","","C","5779.0","0.344932","10.9178","19.112","4.832","3.147","YES","2341:8036","","MiSTer Addons","44032.0","Controller","4.0","3.15","",""
"8BitDo","SN30 2.4G SNES Classic (Model 81AA)","8BitDo - SN30 2.4G SNES Classic (Model 81AA)","","Wireless","2.4 GHz Raphnet","2.4 GHz","","2.2.2","1 ms","YES","No Home Combo","B","2041.0","0.484048","8.5992","31.272","2.676","3.035","YES","289b:0080","","MiSTer Addons","44011.0","Controller","4.0","","",""
"8BitDo","SN30 Model 80BA (Switch Mode / Y + Start)","8BitDo - SN30 Model 80BA (Switch Mode / Y + Start)","","Wireless","BT (CSR8510)","Bluetooth","4.1","","1 ms","NO","","","","","","","","","","","Pairs but doesn't map","MiSTer Addons","43978.0","Controller","4.0","3.4","",""
"8BitDo","SN30 Pro USB","8BitDo - SN30 Pro USB [Wired]","Wired","Wired","Wired USB","-","V1.04 (UDISK NAME)","-","1 ms","YES","","A","2642.0","0.805324","3.2446","5.112","1.688","0.962","YES","045e:028e","","MiSTer Addons","43989.0","Controller","4.0","3.8","",""
"8BitDo","SN30 Pro+","8BitDo - SN30 Pro+","","Wired","Wired USB","-","4.01","-","1 ms","NO","","B","2009.0","0.636616","6.0564","13.056","0.608","2.883","YES","045e:028e","","MiSTer Addons","43977.0","Controller","4.0","3.4","",""
"8BitDo","SN30 Pro+","8BitDo - SN30 Pro+","","Wireless","8Bitdo Wireless Bluetooth (X-Input / Select + Up)","Bluetooth","4.01","1.30","1 ms","YES","","D","2504.0","0","26.1299","56.876","11.34","8.398","YES","045e:028e","","MiSTer Addons","43977.0","Controller","4.0","","",""
"8BitDo","SN30 Pro+","8BitDo - SN30 Pro+","","Wireless","8Bitdo Wireless Bluetooth (X-Input / Select + Up)","Bluetooth","4.01","1.32","1 ms","YES","","D","5966.0","0","26.2683","57.256","9.8","8.305","YES","045e:028e","","MiSTer Addons","43977.0","Controller","4.0","","",""
"8BitDo","SN30 Pro+","8BitDo - SN30 Pro+","","Wireless","8Bitdo Wireless Bluetooth (D-Input / Select + Left)","Bluetooth","3.02","1.30","1 ms","YES","","D","2741.0","0","30.327","190.78","5.016","19.278","YES","2dc8:3100","","MiSTer Addons","43977.0","Controller","4.0","3.4","",""
"8BitDo","SN30 Pro+","8BitDo - SN30 Pro+","","Wireless","8Bitdo Wireless Bluetooth (X-Input / Select + Up)","Bluetooth","3.02","1.30","1 ms","YES","","D","3142.0","0","30.7713","185.52","6.868","19.1","YES","045e:028e","","MiSTer Addons","43977.0","Controller","4.0","3.4","",""
"8BitDo","SN30 Pro+","8BitDo - SN30 Pro+","","Wireless","8Bitdo Wireless Bluetooth (MacOS / Select + Right)","Bluetooth","4.01","1.32","1 ms","YES","","D","2089.0","0","137.1794","198.32","0.628","27.538","NO","054c:05c4","1.32 firmware may have regressed performance. Interferes with cheap 2.4G keyboard+trackpad","MiSTer Addons","43977.0","Controller","4.0","3.4","",""
"8BitDo","SN30 Pro+","8BitDo - SN30 Pro+ [D-Input (B+Start)]","D-Input (B+Start)","Wireless","BT (CSR8510)","Bluetooth","3.02","-","1 ms","YES","","D","2001.0","0","20.0812","64.136","3.468","8.092","YES","2dc8:6102","","MiSTer Addons","43992.0","Controller","4.0","3.4","",""
"8BitDo","SN30 Pro+","8BitDo - SN30 Pro+ [MacOS (A+Start)]","MacOS (A+Start)","Wireless","BT (CSR8510)","Bluetooth","3.02","-","1 ms","YES","","C","2277.0","0.138124","14.3646","43.348","2.496","6.572","YES","054c:05c4","","MiSTer Addons","43992.0","Controller","4.0","3.4","",""
"8BitDo","SN30 Pro+","8BitDo - SN30 Pro+ [Switch (Y+Start)]","Switch (Y+Start)","Wireless","BT (CSR8510)","Bluetooth","3.02","-","1 ms","YES","","D","2733.0","0.044944","15.9176","61.416","2.748","6.987","YES","057e:2009","","MiSTer Addons","43992.0","Controller","4.0","3.4","",""
"8BitDo","SN30 Pro+","8BitDo - SN30 Pro+ [X-Input (X+Start)]","X-Input (X+Start)","Wireless","BT (CSR8510)","Bluetooth","3.02","-","1 ms","YES","","D","2185.0","0","20.1446","62.588","3.688","8.185","YES","045e:02e0","","MiSTer Addons","43992.0","Controller","4.0","3.4","",""
"8BitDo","SNES Conversion PCB","8BitDo - SNES Conversion PCB [Android (B+Start)]","Android (B+Start)","Wireless","BT (CSR8510)","Bluetooth","","-","1 ms","NO","","D","3003.0","0","21.139","53.584","3.848","7.393","YES","2dc8:5103","","MiSTer Addons","43977.0","Controller","4.0","3.4","",""
"8BitDo","SNES Conversion PCB","8BitDo - SNES Conversion PCB [MacOS (A+Start)]","MacOS (A+Start)","Wireless","BT (CSR8510)","Bluetooth","","-","1 ms","NO","","C","2085.0","0.371146","10.4809","23.508","3.616","3.045","YES","05cc:05c4","","MiSTer Addons","43977.0","Controller","4.0","3.4","",""
"8BitDo","SNES Conversion PCB","8BitDo - SNES Conversion PCB [Switch (Y+Start)]","Switch (Y+Start)","Wireless","BT (CSR8510)","Bluetooth","","-","1 ms","NO","","D","2082.0","0","19.9015","47.416","4.564","6.754","YES","054c:05c4","","MiSTer Addons","43977.0","Controller","4.0","3.4","",""
"8BitDo","SNES Conversion PCB","8BitDo - SNES Conversion PCB [Windows (X+Start)]","Windows (X+Start)","Wireless","BT (CSR8510)","Bluetooth","","-","1 ms","NO","","D","2721.0","0","20.1759","40.388","4.552","6.742","YES","045e:02e0","","MiSTer Addons","43977.0","Controller","4.0","3.4","",""
"ASD","JammASD","ASD - JammASD","","Wired","Wired USB","-","","-","1 ms","NO","","D","2591.0","0","25.3034","35.164","17.532","2.601","YES","04da:f3ad","","evidenceDJ","43998.0","Joystick Encoder","-","-","",""
"BlissBox","BlisSTer v2","BlissBox - BlisSTer v2 [Non-LLAPI]","Non-LLAPI","Wired","NES OEM via Bliss Adapter","-","","","1 ms","NO","","A","2184.0","0.753982","4.1003","5.16","3.096","0.577","YES","16d0:0d04","","MiSTer Addons","44093.0","Controller Adapter","-","-","",""
"bootsector","LLOAD","bootsector - LLOAD","","Wired","Wired USB","-","","","1 ms","NO","","A","","0.8998","1.67","2.18","1.18","","YES","","","Jorge_ (CGD)","43976.0","Controller Adapter","-","-","",""
"bootsector","RetroPad32","bootsector - RetroPad32","","Wired","Wired USB","-","","","1 ms","NO","","S","2009.0","0.957352","0.7108","1.248","0.2","0.289","YES","0810:1001","","Jorge_ (CGD)","43978.0","Controller Adapter","-","-","",""
"bootsector","RetroPad32","bootsector - RetroPad32","","Wired","Wired USB","-","","","1 ms","NO","","S","4825.0","0.955954","0.7341","0.7341","0.7341","0.289","YES","0810:1001","","MiSTer Addons","44065.0","Controller Adapter","-","-","",""
"Brook","Universal Fighting Board","Brook - Universal Fighting Board [PS3]","PS3","Wired","Wired USB","-","","-","1 ms","YES","","S","2212.0","0.951232","0.8128","1.332","0.304","0.289","YES","0F0D:0022","","MiSTer Addons","44086.0","Joystick Encoder","-","","",""
"Brook","Universal Fighting Board","Brook - Universal Fighting Board [PS4]","PS4","Wired","Wired USB","-","","-","1 ms","YES","","S","3652.0","0.95092","0.818","1.376","0.312","0.289","YES","0c12:0c30","","MiSTer Addons","44086.0","Joystick Encoder","-","","",""
"Brook","Universal Fighting Board","Brook - Universal Fighting Board [Wii U]","Wii U","Wired","Wired USB","-","","-","1 ms","YES","","S","2142.0","0.953992","0.7668","2.196","0.236","0.297","YES","0F0D:0092","","MiSTer Addons","44086.0","Joystick Encoder","-","","",""
"Brook","Universal Fighting Board","Brook - Universal Fighting Board [XBox 360]","XBox 360","Wired","Wired USB","-","","-","1 ms","YES","","S","3508.0","0.948562","0.8573","2.296","0.228","0.424","YES","045e:028e","","MiSTer Addons","44086.0","Joystick Encoder","-","","",""
"Brook","Wireless Fighting Board","Brook - Wireless Fighting Board","","Wireless","BT","Bluetooth","","-","1 ms","NO","","B","500.0","0.66634","5.561","16.272","2.3","1.527","YES","","","Jorge_ (CGD)","43977.0","Joystick Encoder","-","-","",""
"Brook","Zero Pi Fighting Board","Brook - Zero Pi Fighting Board","","Wired","Wired USB","-","","","1 ms","NO","","A","2834.0","0.895852","1.7358","3.688","1.224","0.291","YES","0C12:0130","","Menny Drives","43991.0","Joystick Encoder","-","","",""
"Buffalo","iBuffalo Classic","Buffalo - iBuffalo Classic","","Wired","Wired USB","-","","-","1 ms","NO","","S","","0.9586","0.69","1.19","0.19","","YES","","","Jorge_ (CGD)","43976.0","Controller","4.0","","",""
"Cyboris","Switch Pro Controller","Cyboris - Switch Pro Controller","","Wired","Wired USB","-","","-","1 ms","YES","???","B","2600.0","0.678628","5.3562","8.244","2.272","1.532","YES","045e:028e","","MiSTer Addons","44057.0","Controller","4.0","3.2","",""
"DaemonBite","Arcade Controller","DaemonBite - Arcade Controller","","Wired","Wired USB","-","-","43965.0","1 ms","YES","","S","2002.0","0.954544","0.7576","1.264","0.236","0.289","YES","2341:8036","","MiSTer Addons","43981.0","Joystick Encoder","-","-","",""
"DaemonBite","Dual Genesis to USB Adapter","DaemonBite - Dual Genesis to USB Adapter","","Wired","Genesis 3 Button Controller","-","","43984.0","1 ms","NO","","S","2239.0","0.952996","0.7834","1.312","0.244","0.289","YES","2341:8036","","MiSTer Addons","43984.0","Controller Adapter","-","-","",""
"DaemonBite","Dual Genesis to USB Adapter","DaemonBite - Dual Genesis to USB Adapter","","Wired","6 Button Controller","-","-","43984.0","1 ms","NO","YES","A","2719.0","0.903772","1.6038","2.904","0.3","0.557","YES","2341:8036","","MiSTer Addons","43984.0","Controller Adapter","-","-","",""
"DaemonBite","Genesis to USB Adapter","DaemonBite - Genesis to USB Adapter","","Wired","Genesis 3 Button Controller","-","","","1 ms","NO","","S","2342.0","0.955","0.75","1.28","0.24","0.29","YES","2341:8036","","MickGyver","43976.0","Controller Adapter","-","-","",""
"DaemonBite","PC Engine to USB Adapter","DaemonBite - PC Engine to USB Adapter","","Wired","NEC PI-PD6 2 button Controller","-","","44009.0","1 ms","NO","","S","2138.0","0.95314","0.781","1.592","0.244","0.29","YES","103.12222222222222","","MiSTer Addons","44014.0","Controller Adapter","-","-","",""
"DaemonBite","Saturn to USB Adapter","DaemonBite - Saturn to USB Adapter","","Wired","Saturn Japanese Controller (171-6830B)","-","-","43984.0","1 ms","NO","YES","S","2716.0","0.952084","0.7986","1.376","0.252","0.29","YES","2341:8036","","MiSTer Addons","43984.0","Controller Adapter","-","-","",""
"DaemonBite","SNES / SFC to USB Adapter","DaemonBite - SNES / SFC to USB Adapter","","Wired","SNES Controller","-","-","43984.0","1 ms","NO","YES","A","2089.0","0.933322","1.1113","1.752","0.512","0.298","YES","2341:8036","","MiSTer Addons","43984.0","Controller Adapter","-","-","",""
"Elecom","Wii Classic Gamepad Converter","Elecom - Wii Classic Gamepad Converter","","Wired","Wii Classic Controller","-","-","-","1 ms","NO","Not Home","B","5681.0","0.621562","6.3073","11.78","0.732","3.015","YES","056e:2007","","MiSTer Addons","44032.0","Controller Adapter","-","-","",""
"FreeJoy","FreeJoy","FreeJoy - FreeJoy","","Wired","Wired USB","-","","","1 ms","YES","","B","15858.0","0.65215","5.7975","9.716","2.02","1.511","YES","0483:5750","1 button / 0 ms debounce / 1 ms encoder press time","MiSTer Addons","44070.0","Controller Adapter","-","","",""
"FreeJoy","FreeJoy","FreeJoy - FreeJoy","","Wired","Wired USB","-","","","1 ms","YES","","B","14926.0","0.563554","7.2741","10.752","3.748","1.499","YES","0483:5750","12 buttons / 0 ms debounce / 1 ms encoder press time","MiSTer Addons","44071.0","Controller Adapter","-","","",""
"FreeJoy","FreeJoy","FreeJoy - FreeJoy","","Wired","Wired USB","-","","","1 ms","YES","","B","2236.0","0.46","9.0","13.2","5.784","1.587","YES","0483:5750","24 buttons / 0 ms debounce / 1 ms encoder press time","MiSTer Addons","44072.0","Controller Adapter","-","","",""
"FreeJoy","FreeJoy","FreeJoy - FreeJoy","","Wired","Wired USB","-","","","1 ms","YES","","C","18397.0","0.366994","10.5501","14.38","6.692","1.589","YES","0483:5750","30 buttons / 0 ms debounce / 1 ms encoder press time","MiSTer Addons","44073.0","Controller Adapter","-","","",""
"FreeJoy","FreeJoy","FreeJoy - FreeJoy","","Wired","Wired USB","-","","","1 ms","YES","","D","3486.0","0","60.1418","63.908","56.284","1.595","NO","0483:5750","30 buttons / 50 ms debounce / 1 ms encoder press time","MiSTer Addons","44062.0","Controller Adapter","-","-","",""
"Generic","1 Port SNES to USB (AliExpress)","Generic - 1 Port SNES to USB (AliExpress)","","Wired","Wired USB","-","","-","1 ms","NO","","A","2561.0","0.778036","3.6994","5.212","2.188","0.865","YES","0925:8866","","MiSTer Addons","43976.0","Controller Adapter","-","-","",""
"Generic","2 Port Genesis to USB (Cable Style with 2 Blue Ports)","Generic - 2 Port Genesis to USB (Cable Style with 2 Blue Ports)","","Wired","Wired USB","-","-","-","1 ms","NO","","B","4485.0","0.454564","9.0906","17.62","0.616","4.802","YES","1292:4745","","MiSTer Addons","43981.0","Controller Adapter","-","-","",""
"Gravis","GamePad Pro","Gravis - GamePad Pro","","Wired","Wired USB","-","-","-","1 ms","NO","YES","C","2055.0","0.2912145082","11.81309153","22.44","1.28","5.854229335","YES","0428:4001","","MiSTer Addons","44416.0","Controller","4.0","4.0","",""
"Hori","Fighting Commander Octa (AB03-001)","Hori - Fighting Commander Octa (AB03-001)","","Wired","Wired USB","-","-","-","1 ms","YES","YES","A","2043.0","0.8257817915","2.903636809","5.35","0.45","1.186681741","YES","0f0d:0150","","MiSTer Addons","44416.0","Controller","6.0","6.2","",""
"Hori","Fighting Commander PS4 V2","Hori - Fighting Commander PS4 V2 [PC]","PC","Wired","Wired USB","-","","-","1 ms","YES","YES","A","2005.0","0.92008","1.332","2.304","0.372","0.411","YES","0f0d:0086","","MiSTer Addons","43976.0","Controller","6.0","5.35","",""
"Hori","Fighting Commander PS4 V2","Hori - Fighting Commander PS4 V2 [PS3]","PS3","Wired","Wired USB","-","","-","1 ms","YES","YES","A","2131.0","0.868912","2.1848","3.16","1.176","0.418","YES","0f0d:0085","","MiSTer Addons","43976.0","Controller","6.0","5.35","",""
"Hori","Fighting Commander PS4 V2","Hori - Fighting Commander PS4 V2 [PS4]","PS4","Wired","Wired USB","-","","-","1 ms","YES","YES","A","2001.0","0.86764","2.206","7.528","1.216","0.429","YES","0f0d:0084","","MiSTer Addons","43976.0","Controller","6.0","5.35","",""
"Hori","Fighting Commander Wii Classic","Hori - Fighting Commander Wii Classic","","Wireless","Wireless Wii Classic Receiver (via MayFlash Wii Classic USB)","2.4 GHz","","","1 ms","NO","YES","D","2351.0","0","34.11502979","103.67","6.06","21.34277322","YES","-","","MiSTer Addons","44416.0","Controller","6.0","4.9","",""
"Hori","Fighting Commander Wii Classic","Hori - Fighting Commander Wii Classic","","Wireless","Wireless Wii Classic Receiver (via 8BitDo GC/Wii Classic to Xbox/Switch adapter)","2.4 GHz","","","1 ms","NO","YES","D","2371.0","0","36.07107173","91.67","7.29","21.15712657","YES","-","","MiSTer Addons","44416.0","Controller","6.0","4.9","",""
"Hori","Fighting Commander Xbox One","Hori - Fighting Commander Xbox One [Xbox 360 / PC]","Xbox 360 / PC","Wired","Wired USB","-","-","-","1 ms","YES","YES","A","2148.0","0.810532","3.1578","5.204","1.124","1.158","YES","24c6:5510","","MiSTer Addons","43983.0","Controller","6.0","4.95","",""
"Hori","Fighting Commander Xbox One","Hori - Fighting Commander Xbox One [Xbox 360 / PC]","Xbox 360 / PC","Wired","Wired USB","-","-","-","1 ms","YES","YES","A","5908.0","0.810238","3.1627","5.204","1.116","1.16","YES","24c6:5510","","Newsdee (CGD)","43991.0","Controller","6.0","4.95","",""
"Hori","Fighting Commander Xbox One","Hori - Fighting Commander Xbox One [Xbox One]","Xbox One","Wired","Wired USB","-","-","-","1 ms","YES","YES","A","2092.0","0.810844","3.1526","5.176","1.12","1.16","YES","0f05:00c5","","MiSTer Addons","43984.0","Controller","6.0","4.95","",""
"Hori","Fighting Stick Mini","Hori - Fighting Stick Mini","","Wired","Wired USB","-","","","1 ms","YES","","A","5908.0","0.892888","1.7852","2.444","1.14","0.3","YES","0f0d:0137","","Newsdee (CGD)","43991.0","Joystick","8.0","","",""
"Hori","Nintendo Switch HORIPAD","Hori - Nintendo Switch HORIPAD","","Wired","Wired USB","-","","","1 ms","YES","","A","2980.0","0.716986","4.7169","7.616","1.692","1.471","YES","0f0d:00c1","","MiSTer Addons","44012.0","Controller","4.0","6.45","",""
"Hori","Pro Pad Wired Controller - Pokken Tournament DX Edition","Hori - Pro Pad Wired Controller - Pokken Tournament DX Edition","","Wired","Wired USB","-","","-","1 ms","NO","","B","7541.0","0.67576","5.404","6.444","4.36","0.407","YES","","","Lessthan0tom","43977.0","Controller","4.0","","",""
"Hori","Real Arcade Pro 4 Kai","Hori - Real Arcade Pro 4 Kai [PC]","PC","Wired","Wired USB","-","1885-10 Main OCB Ver 1.0","-","1 ms","YES","YES","A","2244.0","0.740902","4.3183","7.148","1.36","1.293","YES","0f0d:008c","","MiSTer Addons","43993.0","Joystick","8.0","83.65","",""
"Hori","Real Arcade Pro 4 Kai","Hori - Real Arcade Pro 4 Kai [PS3]","PS3","Wired","Wired USB","-","1885-10 Main OCB Ver 1.0","-","1 ms","YES","YES","A","2605.0","0.742384","4.2936","7.196","1.42","1.286","YES","0f0d:008b","","MiSTer Addons","43993.0","Joystick","8.0","83.65","",""
"Hori","Real Arcade Pro 4 Kai","Hori - Real Arcade Pro 4 Kai [PS4]","PS4","Wired","Wired USB","-","1885-10 Main OCB Ver 1.0","-","1 ms","YES","YES","A","3079.0","0.7393","4.345","7.248","1.42","1.3","YES","0f0d:008a","","MiSTer Addons","43993.0","Joystick","8.0","83.65","",""
"Hori","Real Arcade Pro N Hayabusa","Hori - Real Arcade Pro N Hayabusa [PS3]","PS3","Wired","Wired USB","-","1950-21 MAIN PCB 2017-09-20","-","1 ms","YES","YES","B","2858.0","0.683866","5.2689","9.196","1.284","1.647","YES","0f0d:00ae","","MiSTer Addons","43989.0","Joystick","8.0","112.5","",""
"Hori","Real Arcade Pro N Hayabusa","Hori - Real Arcade Pro N Hayabusa [PS4]","PS4","Wired","Wired USB","-","1950-21 MAIN PCB 2017-09-20","-","1 ms","YES","YES","B","2231.0","0.68269","5.2885","9.036","1.332","1.616","YES","0f0d:00ae","","MiSTer Addons","43989.0","Joystick","8.0","112.5","",""
"Hori","Real Arcade Pro V Hayabusa Nintendo Switch","Hori - Real Arcade Pro V Hayabusa Nintendo Switch [?]","?","Wired","Wired USB","-","1947-42 MAIN PCB REV: 1.0","","1 ms","YES","YES","A","8589.0","0.716362","4.7273","7.636","1.671","1.47","YES","0f0d:00d8","","MiSTer Addons","44011.0","Joystick","8.0","","",""
"Hori","Real Arcade Pro V Hayabusa Nintendo Switch","Hori - Real Arcade Pro V Hayabusa Nintendo Switch [?]","?","Wired","Wired USB","-","1947-42 MAIN PCB REV: 1.0","-","1 ms","YES","YES","A","2019.0","0.713842","4.7693","11.688","1.696","1.46","YES","0f0d:00aa","","MiSTer Addons","43992.0","Joystick","8.0","","",""
"Hori","TurboGrafx 16 Mini USB Controller","Hori - TurboGrafx 16 Mini USB Controller","","Wired","Wired USB","-","-","-","1 ms","NO","YES","A","2322.0","0.892714","1.7881","2.372","1.168","0.296","YES","0f0d:0138","","MiSTer Addons","43983.0","Controller","2.0","2.95","",""
"Hyperkin","GN6 Genesis USB Controller","Hyperkin - GN6 Genesis USB Controller","","Wired","Wired USB","-","-","-","1 ms","NO","YES","D","2045.0","0","21.1839","42.044","0.432","11.844","","0810:e501","","MiSTer Addons","44057.0","Controller","6.0","2.95","",""
"iNNEXT","SNES Retro USB","iNNEXT - SNES Retro USB","","Wired","Wired USB","-","","-","1 ms","NO","","C","2996.0","0.313","11.45","22.71","0.24","6.274","YES","","","MickGyver","43976.0","Controller","4.0","2.35","",""
"Krikzz","Joyzz","Krikzz - Joyzz","","Wireless","2.4 GHz DE9 (DaemonBite)","2.4 GHz","","","1 ms","NO","YES","A","2103.0","0.781492","3.6418","4.332","3.06","0.296","YES","2341:8036","","MiSTer Addons","43983.0","Controller","6.0","3.9","",""
"Logitech","Dual Action Gamepad USB","Logitech - Dual Action Gamepad USB","","Wired","Wired USB","-","","","1 ms","NO","","D","2195.0","0","32.1865","43.084","21.284","6.102","YES","046d:c216","","MiSTer Addons","43993.0","Controller","4.0","","",""
"Logitech","F310 USB Gamepad","Logitech - F310 USB Gamepad [D-Input]","D-Input","Wired","Wired USB","-","","","1 ms","NO","","A","2003.0","0.734212","4.4298","6.368","2.608","0.77","YES","046d:c21d","","MiSTer Addons","44012.0","Controller","4.0","6.05","",""
"Logitech","F310 USB Gamepad","Logitech - F310 USB Gamepad [X-Input]","X-Input","Wired","Wired USB","-","","","1 ms","NO","","A","2118.0","0.744286","4.2619","6.084","2.516","0.756","YES","046d:c21d","","MiSTer Addons","44012.0","Controller","4.0","6.05","",""
"Logitech","F710 Wireless Gamepad","Logitech - F710 Wireless Gamepad [D-Input]","D-Input","Wireless","Wireless USB Adapter","2.4 GHz","","","1 ms","YES","","B","3716.0","0.427252","9.5458","14.788","7.084","1.184","YES","046d:c219","","MiSTer Addons","44057.0","Controller","4.0","9.7","",""
"Logitech","F710 Wireless Gamepad","Logitech - F710 Wireless Gamepad [X-Input]","X-Input","Wireless","Wireless USB Adapter","2.4 GHz","","","1 ms","YES","Not Logitech","B","3544.0","0.414316","9.7614","14.888","7.372","1.171","YES","046d:c21f","","MiSTer Addons","44057.0","Controller","4.0","9.7","",""
"MadCatz","TE2","MadCatz - TE2","","Wired","Wired USB","-","","","1 ms","YES","","","","","","","","","","0738:8481","","","","Joystick","8.0","","",""
"MadCatz","TE2+ Ryu SFV","MadCatz - TE2+ Ryu SFV","","Wired","Wired USB","-","","","1 ms","YES","","A","2454.0","0.770218","3.8297","7.196","1.36","1.202","YES","0738:8481","","MiSTer Addons","43992.0","Joystick","8.0","","",""
"Mayflash","2 Port SNES to USB","Mayflash - 2 Port SNES to USB","","Wired","Wired USB","-","","-","1 ms","NO","","A","2609.0","0.825058","2.9157","3.936","1.904","0.58","YES","oe8f:3013","","MiSTer Addons","43976.0","Controller Adapter","-","-","",""
"Mayflash","Arcade Stick F300 Rev 1.3","Mayflash - Arcade Stick F300 Rev 1.3 [D-Input]","D-Input","Wired","Wired USB","-","F300-1 V0.2 16-04-27","-","1 ms","YES","YES","C","2024.0","0.13573","14.4045","17.176","12.356","1.003","YES","20bc:5500","","MiSTer Addons","43989.0","Joystick","8.0","52.8","",""
"Mayflash","Arcade Stick F300 Rev 1.3","Mayflash - Arcade Stick F300 Rev 1.3 [PC]","PC","Wired","Wired USB","-","F300-1 V0.2 16-04-27","-","1 ms","YES","YES","C","2015.0","0.139066","14.3489","17.172","12.284","0.987","YES","0079:181c","","MiSTer Addons","43989.0","Joystick","8.0","52.8","",""
"Mayflash","Arcade Stick F300 Rev 1.3","Mayflash - Arcade Stick F300 Rev 1.3 [X-Input]","X-Input","Wired","Wired USB","-","F300-1 V0.2 16-04-27","-","1 ms","YES","YES","C","2120.0","0.136042","14.3993","17.096","12.4","1.002","YES","0079:1832","","MiSTer Addons","43989.0","Joystick","8.0","52.8","",""
"Mayflash","Arcade Stick F500 V2 (D-Input/PS3/SNK Mode)","Mayflash - Arcade Stick F500 V2 (D-Input/PS3/SNK Mode)","","Wired","Wired USB","-","F500V2 Ver 0.1","-","1 ms","YES","","","","","","","","","","","Won't map","MiSTer Addons","","Joystick","8.0","85.95","",""
"Mayflash","Arcade Stick F500 V2","Mayflash - Arcade Stick F500 V2 [PC]","PC","Wired","Wired USB","-","F500V2 Ver 0.1","-","1 ms","YES","YES","C","2006.0","0.368098","10.5317","13.12","7.708","1.427","YES","0079:181c","","MiSTer Addons","43989.0","Joystick","8.0","85.95","",""
"Mayflash","Arcade Stick F500 V2","Mayflash - Arcade Stick F500 V2 [X-Input]","X-Input","Wired","Wired USB","-","F500V2 Ver 0.1","-","1 ms","YES","Not PS/Home","C","2125.0","0.383992","10.2668","12.908","7.472","1.424","YES","054c:0cda","","MiSTer Addons","43989.0","Joystick","8.0","85.95","",""
"Mayflash","Megadrive Controller Adapter PC USB","Mayflash - Megadrive Controller Adapter PC USB [D-Input]","D-Input","Wired","Wired USB","-","-","-","1 ms","NO","YES","B","2743.0","0.587614","6.8731","12.272","1.304","2.862","YES","0079:18ae","","MiSTer Addons","44032.0","Controller Adapter","-","","",""
"Mayflash","Megadrive Controller Adapter PC USB","Mayflash - Megadrive Controller Adapter PC USB [X-Input]","X-Input","Wired","Wired USB","-","-","-","1 ms","NO","YES","A","2378.0","0.773092","3.7818","6.228","1.336","1.192","YES","0079:18af","","MiSTer Addons","44032.0","Controller Adapter","-","","",""
"Mayflash","SS Controller Adapter","Mayflash - SS Controller Adapter [D-Input]","D-Input","Wired","Japanese Sega Saturn Controller 171-68308","-","","-","1 ms","NO","","B","2587.0","0.520108","7.9982","10.576","5.52","1.247","YES","0079:187a","","MiSTer Addons","43977.0","Controller Adapter","-","-","",""
"Mayflash","SS Controller Adapter","Mayflash - SS Controller Adapter [X-Input]","X-Input","Wired","Japanese Sega Saturn Controller 171-68308","-","","-","1 ms","NO","","B","2048.0","0.519922","8.0013","10.56","5.56","1.248","YES","0079:187b","","MiSTer Addons","43977.0","Controller Adapter","-","-","",""
"Mayflash","Wii Classic Controller Adapter For PC","Mayflash - Wii Classic Controller Adapter For PC [-]","-","Wired","Wired USB","-","-","-","1 ms","NO","-","A","2093.0","0.7088766731","4.852055449","9.31","0.48","2.293291045","YES","1d79:0301","","MiSTer Addons","44416.0","Controller Adapter","-","4.0","",""
"Mayflash","Wireless Wii U Pro Controller Adapter","Mayflash - Wireless Wii U Pro Controller Adapter","","Wireless","Wii U Pro Controller","Bluetooth","","-","1 ms","NO","-","","","","","","","","","0079:1800","","MiSTer Addons","","Controller Adapter","-","-","",""
"Microsoft","SideWinder Game Pad USB","Microsoft - SideWinder Game Pad USB","","Wired","Wired USB","-","-","-","1 ms","NO","YES","D","56664.0","0","40.70895348","43.26","38.18","1.216740063","YES","045e:0007","","MiSTer Addons","44416.0","Controller","6.0","5.3","",""
"Microsoft","Xbox 360","Microsoft - Xbox 360","","Wireless","Generic Receiver ""HDE""","2.4 GHz","","","1 ms","YES","YES","C","4944.0","0.389566","10.1739","22.352","6.124","1.927","YES","045e:02a1","","MiSTer Addons","43976.0","Controller","4.0","","",""
"Microsoft","Xbox Elite Series 2","Microsoft - Xbox Elite Series 2","","Wired","Wired USB","-","","","1 ms","YES","YES","B","2137.0","0.631156","6.1474","10.452","1.532","2.336","YES","045e:0b00","","MiSTer Addons","44057.0","Controller","4.0","12.05","",""
"Microsoft","Xbox Elite Series 2","Microsoft - Xbox Elite Series 2","","Wireless","BT (CSR8510)","Bluetooth","","","1 ms","YES","YES","C","2469.0","0.385048","10.2492","25.008","3.66","3.079","YES","045e:0b05","","MiSTer Addons","44057.0","Controller","4.0","12.05","",""
"Microsoft","Xbox One Model 1708","Microsoft - Xbox One Model 1708","","Wired","Wired USB","-","","","1 ms","YES","YES","B","3099.0","0.644266","5.9289","10.332","1.348","2.321","YES","045e:02ea","","MiSTer Addons","43976.0","Controller","4.0","9.75","",""
"Microsoft","Xbox One Model 1708","Microsoft - Xbox One Model 1708","","Wireless","Microsoft Xbox One Wireless Adapter","Bluetooth","","","1 ms","YES","YES","B","5565.0","0.636964","6.0506","17.588","1.912","2.387","YES","","","Sofakng","44117.0","Controller","4.0","9.75","",""
"Microsoft","Xbox One Model 1708","Microsoft - Xbox One Model 1708","","Wireless","BT (CSR8510)","Bluetooth","","-","1 ms","YES","YES","D","27170.0","0.058828","15.6862","34.28","4.584","2.645","YES","045e:02e0","","MiSTer Addons","43976.0","Controller","4.0","9.75","",""
"Microsoft","Xbox Wireless Controller","Microsoft - Xbox Wireless Controller","","Wired","Wired USB","-","","","1 ms","YES","YES","B","2018.0","0.6645384234","5.591026277","9.94","1.55","2.31768357","YES","045e:0b12","","MiSTer Addons","44416.0","Controller","4.0","10.2","",""
"Microsoft","Xbox Wireless Controller","Microsoft - Xbox Wireless Controller","","Wireless","Microsoft Xbox USB Adapter","2.4 GHz","","","1 ms","YES","YES","B","6460.0","0.6344281468","6.09286422","23.49","1.96","2.346405315","YES","045e:0b12","","MiSTer Addons","44416.0","Controller","4.0","10.2","",""
"MisterAddons","MiSTercade","MisterAddons - MiSTercade","","Wired","Wired USB","-","","","1 ms","YES","","S","10437.0","0.955696","0.7384","1.272","0.216","0.289","YES","8888:8888","","MiSTer Addons","44065.0","Joystick Encoder","-","-","",""
"Nintendo","SNES Switch","Nintendo - SNES Switch","","Wireless","BT (CSR8510)","Bluetooth","-","-","1 ms","NO","","D","3167.0","0.062266","15.6289","47.272","6.46","4.601","YES","057e:2017","","MiSTer Addons","43976.0","Controller","4.0","3.4","9.0","Nice heft, thick plastic, long battery life, stiffer membranes than original SNES controller"
"Nintendo","SNES Switch","Nintendo - SNES Switch","","Wireless","8Bitdo Wireless Bluetooth (X-Input / Select + Up)","Bluetooth","-","1.32","1 ms","NO","","D","2466.0","0","18.5973","47.068","7.152","4.497","YES","045e:028e","","MiSTer Addons","43988.0","Controller","4.0","3.4","9.0",""
"Nintendo","SNES Switch","Nintendo - SNES Switch","","Wireless","8Bitdo Wireless Bluetooth (D-Input / Select + Left)","Bluetooth","-","1.32","1 ms","NO","","D","2032.0","0","20.8923","33.532","5.956","4.772","YES","2dc8:3100","","MiSTer Addons","43988.0","Controller","4.0","3.4","9.0",""
"Nintendo","SNES Switch","Nintendo - SNES Switch","","Wireless","8Bitdo Wireless Bluetooth (MacOS / Select + Right)","Bluetooth","-","1.32","1 ms","NO","","D","2154.0","0","130.5701","199.512","0.972","25.986","NO","054c:05c4","","MiSTer Addons","43988.0","Controller","4.0","3.4","9.0",""
"Nintendo","SNES Switch","Nintendo - SNES Switch","","Wireless","8Bitdo Wireless Bluetooth (Switch Mode / Default)","Bluetooth","-","1.32","1 ms","NO","","D","3058.0","0","130.87","197.956","3.596","25.225","NO","054c:05c4","Causes interference with 2.4 GHz keyboard. Consider broken.","MiSTer Addons","43988.0","Controller","4.0","3.4","9.0",""
"Nintendo","Switch Pro","Nintendo - Switch Pro","","Wireless","BT (CSR8510)","Bluetooth","-","-","1 ms","YES","YES","C","2055.0","0.163642","13.9393","36.676","5.168","4.543","YES","057e:2009","","MiSTer Addons","43976.0","Controller","4.0","8.7","",""
"Nintendo","Switch Pro","Nintendo - Switch Pro","","Wired","","-","-","-","1 ms","YES","","D","5940.0","0","18.355","39.724","5.132","5.104","YES","057e:2009","","MiSTer Addons","44086.0","Controller","4.0","","",""
"Nintendo","Switch Pro","Nintendo - Switch Pro","","Wireless","8Bitdo Wireless Bluetooth (D-Input / Select + Left)","Bluetooth","-","1.32","1 ms","YES","","D","2249.0","0","19.881","183.956","7.152","6.858","YES","2dc8:3100","","MiSTer Addons","43988.0","Controller","4.0","8.7","",""
"Nintendo","Switch Pro","Nintendo - Switch Pro","","Wireless","8Bitdo Wireless Bluetooth (MacOS / Select + Right)","Bluetooth","-","1.32","1 ms","YES","","D","2151.0","0","20.7288","72.24","7.22","6.15","YES","054c:05c4","Issues staying paired with 8BitDo dongle","MiSTer Addons","43976.0","Controller","4.0","8.7","",""
"Nintendo","Switch Pro","Nintendo - Switch Pro","","Wireless","8Bitdo Wireless Bluetooth (X-Input / Select + Up)","Bluetooth","-","1.32","1 ms","YES","","D","2030.0","0","131.0807","197.404","5.808","25.095","NO","045e:028e","","MiSTer Addons","43988.0","Controller","4.0","8.7","",""
"Nintendo","Wii Classic","Nintendo - Wii Classic","","Wired","Mayflash Wii Classic USB Adapter","Wired","-","-","1 ms","YES","YES","A","2093.0","0.7088766731","4.852055449","9.31","0.48","2.293291045","YES","-","","MiSTer Addons","44416.0","Controller","4.0","4.0","",""
"Nintendo","Wii Classic","Nintendo - Wii Classic","","Wired","8BitDo GBros","Wired","-","-","1 ms","YES","YES","B","3191.0","0.6238998746","6.268335423","11.7","0.86","2.91506525","YES","-","","MiSTer Addons","44416.0","Controller","4.0","4.0","",""
"Nintendo","Wii Classic","Nintendo - Wii Classic","","Wired","Classic Controller to USB adapter - V3","Wired","-","-","1 ms","YES","YES","","","","","","","","YES","-","","MiSTer Addons","44416.0","Controller","4.0","4.0","",""
"Nintendo","Wii Remote","Nintendo - Wii Remote","","Wireless","BT (CSR8510)","Bluetooth","","-","1 ms","YES","","C","2020.0","0.382792","10.2868","21.952","1.952","3.549","YES","057e:2017","","MiSTer Addons","43976.0","Controller","2.0","","",""
"Nintendo","Wii U Pro","Nintendo - Wii U Pro","","Wireless","BT (CSR8510)","Bluetooth","","-","1 ms","YES","YES","D","2000.0","0","35.2763","49.328","27.584","2.909","YES","057e:0330","","MiSTer Addons","43976.0","Controller","4.0","7.25","0.0","Buttons have too much travel. Controller feels hollow and cheap. Dpad is horrible. Avoid"
"Nintendo","Wii U Pro","Nintendo - Wii U Pro","","Wireless","8Bitdo Wireless Bluetooth (X-Input / Select + Up)","Bluetooth","","","1 ms","YES","","D","3565.0","0","35.6199","48.02","26.576","3.419","YES","045e:028e","","MiSTer Addons","43988.0","Controller","4.0","7.25","",""
"Nintendo","Wii U Pro","Nintendo - Wii U Pro","","Wireless","8Bitdo Wireless Bluetooth (D-Input / Select + Left)","Bluetooth","","","1 ms","YES","","D","2020.0","0","35.7825","45.776","26.668","3.373","YES","02dc8:3100","","MiSTer Addons","43988.0","Controller","4.0","7.25","",""
"Nintendo","Wii U Pro","Nintendo - Wii U Pro","","Wireless","8Bitdo Wireless Bluetooth (Switch Mode / Default)","Bluetooth","","-","1 ms","YES","YES","D","2063.0","0","145.1289","199.668","0.168","28.104","NO","054c:05c4","","MiSTer Addons","43988.0","Controller","4.0","7.25","0.0","Buttons have too much travel. Controller feels hollow and cheap. Dpad is horrible. Avoid"
"Ortz Gaming","SNES Wireless Turbo Classic Edition","Ortz Gaming - SNES Wireless Turbo Classic Edition","","Wireless","Wiimote / Classic Controller Wireless Adapter","2.4 GHz","-","-","1 ms","NO","","C","2115.0","0.134704","14.4216","49.044","7.748","3.737","YES","289b:0080","","MiSTer Addons","43981.0","Controller","4.0","","",""
"Paradise Arcade","Lono","Paradise Arcade - Lono","","Wired","Wired USB","-","-","-","1 ms","YES","YES","A","3464.0","0.90901","1.5165","2.316","0.624","0.345","YES","a1ff:1a21","","MiSTer Addons","43983.0","Joystick Encoder","-","-","-","-"
"PDP","Xbox 360 Versus Controller (MS-3660)","PDP - Xbox 360 Versus Controller (MS-3660)","","Wired","Wired USB","-","","","1 ms","YES","YES","A","2377.0","0.831652","2.8058","5.688","0.28","1.206","YES","1bad:f904","","MiSTer Addons","43976.0","Controller","6.0","4.0","7.0","Microswitched stick like Neo-Geo CD. Works great for some games and not so well for others."
"PowerA","Fusion Wired Fightpad for PS4","PowerA - Fusion Wired Fightpad for PS4","","Wired","Wired USB","-","","-","1 ms","YES","YES","A","2024.0","0.786028","3.5662","6.068","1.104","1.171","YES","20d6:792a","","MiSTer Addons","43978.0","Controller","6.0","6.3","",""
"PowerA","Fusion Wired Fightpad for Switch","PowerA - Fusion Wired Fightpad for Switch","","Wired","Wired USB","-","","-","1 ms","YES","YES","A","2021.0","0.707122","4.8813","9.12","0.28","2.323","YES","20d6:a712","","MiSTer Addons","43981.0","Controller","6.0","6.3","",""
"PowerA","Fusion Wired Fightpad for Xbox One","PowerA - Fusion Wired Fightpad for Xbox One","","Wired","Wired USB","-","","-","1 ms","YES","YES","B","2017.0","0.644368","5.9272","11.196","0.396","2.87","YES","24c6:791a","","MiSTer Addons","43981.0","Controller","6.0","6.3","",""
"PowerA","Wired Controller for PS3","PowerA - Wired Controller for PS3","","Wired","Wired USB","-","","-","1 ms","YES","YES","B","2332.0","0.592978","6.7837","11.18","2.36","2.32","YES","20d6:ca6d","","MiSTer Addons","44011.0","Controller","4.0","5.95","",""
"PowerA","Wired Controller for Switch","PowerA - Wired Controller for Switch","","Wired","Wired USB","-","","","1 ms","YES","","B","2156.0","0.587134","6.8811","11.272","2.408","2.324","YES","20d6:a711","","MiSTer Addons","44012.0","Controller","4.0","7.25","",""
"Qanba","Drone","Qanba - Drone [PS3]","PS3","Wired","Wired USB","-","N2-A1 V1.1","-","1 ms","YES","YES","A","2124.0","0.805006","3.2499","5.24","1.296","0.812","YES","2c22:2003","","MiSTer Addons","44057.0","Joystick","8.0","","",""
"Qanba","Drone","Qanba - Drone [PS4]","PS4","Wired","Wired USB","-","N2-A1 V1.1","-","1 ms","YES","YES","A","2055.0","0.80413","3.2645","5.232","1.344","0.824","YES","2c22:2000","","MiSTer Addons","44057.0","Joystick","8.0","","",""
"Qanba","Obsidian","Qanba - Obsidian [PC]","PC","Wired","Wired USB","-","Q3-A1 Ver 1.1","-","1 ms","YES","Not Option or Share","A","2090.0","0.803632","3.2728","5.196","1.28","0.814","YES","2c22:2303","","MiSTer Addons","44057.0","Joystick","8.0","","",""
"Qanba","Obsidian","Qanba - Obsidian [PS3]","PS3","Wired","Wired USB","-","Q3-A1 Ver 1.1","-","1 ms","YES","Not Option or Share","A","2170.0","0.803254","3.2791","5.252","1.324","0.818","YES","2c22:2302","","MiSTer Addons","44057.0","Joystick","8.0","","",""
"Qanba","Obsidian","Qanba - Obsidian [PS4]","PS4","Wired","Wired USB","-","Q3-A1 Ver 1.1","-","1 ms","YES","Not Option or Share","A","2022.0","0.818542","3.0243","5.028","1.02","1.163","YES","2c22:2300","","MiSTer Addons","44057.0","Joystick","8.0","","",""
"Raphnet","Classic Controller to USB adapter - V3","Raphnet - Classic Controller to USB adapter - V3","","Wired","SNES Classic","-","-","2.2.0","1 ms","NO","YES","A","2912.0","0.89176","1.804","2.78","0.804","0.413","YES","289b:0080","","MiSTer Addons","43976.0","Controller Adapter","-","-","",""
"Raphnet","Classic Controller to USB adapter - V3","Raphnet - Classic Controller to USB adapter - V3","","Wired","SNES Classic","-","-","2.2.2","1 ms","NO","YES","A","5637.0","0.88795","1.8675","2.868","0.872","0.414","YES","289b:0080","","MiSTer Addons","43981.0","Controller Adapter","-","-","",""
"Raphnet","PCEngine Controller to USB Adapter","Raphnet - PCEngine Controller to USB Adapter","","Wired","PC Engine NEC PI-PD6","-","","1.0","1 ms","NO","YES","A","2701.0","0.902074","1.6321","2.64","0.624","0.414","YES","289b:0050","","MiSTer Addons","44012.0","Controller Adapter","-","-","",""
"Raphnet","SNES Controller to USB Adapter","Raphnet - SNES Controller to USB Adapter","","Wired","Wired USB","-","","","1 ms","NO","YES","A","2002.0","0.90124","1.646","2.624","0.656","0.414","YES","289b:0056","","MiSTer Addons","44057.0","Controller Adapter","-","","",""
"Razer","Panthera Evo","Razer - Panthera Evo","","Wired","Wired USB","-","","","1 ms","YES","YES","A","2006.0","0.862222","2.2963","3.2963","1.32","0.403","YES","1532:1008","STICK IS KNOWN TO BE UNRELIABLE / FAILURE PRONE","MiSTer Addons","43995.0","Joystick","8.0","73.85","4.0","Buttons and stick feel good but body is cheap"
"Retro-Bit","6 Button USB","Retro-Bit - 6 Button USB","","Wired","Wired USB","-","","","1 ms","NO","YES","B","2021.0","0.633136","6.1144","11.676","0.828","2.867","YES","0079:0011","","MiSTer Addons","44057.0","Controller","6.0","3.55","",""
"Retro-Bit","Genesis 2.4 GHz","Retro-Bit - Genesis 2.4 GHz [D-Input]","D-Input","Wireless","Wireless USB Dongle","Bluetooth","-","1.01","1 ms","YES","YES","D","2002.0","0.003784","16.6036","30.168","6.488","4.702","YES","0079:0011","","MiSTer Addons","43976.0","Controller","6.0","3.75","",""
"Retro-Bit","Genesis 2.4 GHz","Retro-Bit - Genesis 2.4 GHz [D-Input]","D-Input","Wireless","2.4 GHz DE9 (DaemonBite)","2.4 GHz","-","1.01","1 ms","YES","YES","D","2042.0","0","29.6667","142.932","15.072","7.818","YES","2341:8036","Results are so poor that they bear repeating, but I can't get the controller to sync again","MiSTer Addons","43981.0","Controller","6.0","3.75","",""
"Retro-Bit","Genesis 2.4 GHz","Retro-Bit - Genesis 2.4 GHz [X-Input]","X-Input","Wireless","Wireless USB Dongle","Bluetooth","-","1.01","1 ms","YES","YES","D","2014.0","0","17.008","63.828","6.188","5.551","YES","045e:028e","","MiSTer Addons","43976.0","Controller","6.0","3.75","",""
"Retro-Bit","Genesis 8 Button USB","Retro-Bit - Genesis 8 Button USB","","Wired","Wired USB","-","","","1 ms","NO","","A","2144.0","0.939412","1.0098","3.336","0.328","0.46","YES","0079:0011","","MiSTer Addons","44012.0","Controller","6.0","3.25","",""
"Retro-Bit","Genesis 8 Button USB","Retro-Bit - Genesis 8 Button USB [D-Input]","D-Input","Wired","USB Wired","-","","","1 ms","NO","","","","","","","","","","0079:0011","","Menny Drives","43991.0","Controller","6","","",""
"Retro-Bit","Genesis 8 Button USB","Retro-Bit - Genesis 8 Button USB [X-Input]","X-Input","Wired","USB Wired","-","","","1 ms","NO","","","","","","","","","","045e:028e","","Menny Drives","43991.0","Controller","6.0","","",""
"Retro-Bit","NES to USB","Retro-Bit - NES to USB","","Wired","USB Wired","-","-","-","1 ms","NO","YES","B","2039.0","0.45691","9.0515","17.564","0.264","4.732","YES","1292:4643","","MiSTer Addons","43976.0","Controller Adapter","-","-","",""
"Retro-Bit","Saturn 2.4 GHz","Retro-Bit - Saturn 2.4 GHz","","Wireless","Wireless USB Dongle","Bluetooth","-","1.00","1 ms","YES","","D","2368.0","0.002818","16.6197","28.532","6.384","4.814","YES","","","MickGyver","43976.0","Controller","6.0","4.0","",""
"Retro-Bit","Saturn 2.4 GHz","Retro-Bit - Saturn 2.4 GHz [D-Input]","D-Input","Wireless","Wireless USB Dongle","Bluetooth","-","1.01","1 ms","YES","Not ""Home""","D","2028.0","0","16.6765","29.056","6.156","4.798","YES","0079:0011","","MiSTer Addons","43976.0","Controller","6.0","4.0","",""
"Retro-Bit","Saturn 2.4 GHz","Retro-Bit - Saturn 2.4 GHz [X-Input]","X-Input","Wireless","Wireless USB Dongle","Bluetooth","-","1.01","1 ms","YES","YES","D","2335.0","0","16.8224","59.524","6.396","4.979","YES","045e:028e","","MiSTer Addons","43976.0","Controller","6.0","4.0","",""
"Retro-Bit","Saturn Bluetooth","Retro-Bit - Saturn Bluetooth [Amazon (A+Plug)]","Amazon (A+Plug)","Wired","Wired USB","-","v1.02","","1 ms","YES","YES","B","3168.0","0.681418","5.3097","8.78","1.72","1.552","YES","0079:181c","","Menny Drives","44101.0","Controller","6.0","","",""
"Retro-Bit","Saturn Bluetooth","Retro-Bit - Saturn Bluetooth [Android (A+Home)]","Android (A+Home)","Wireless","BT (BCM20702A0)","Bluetooth","v1.02","","1 ms","YES","YES","D","3633.0","0","17.9852","48.868","3.812","6.298","YES","1949:0402","","Menny Drives","44101.0","Controller","6.0","","",""
"Retro-Bit","Saturn Bluetooth","Retro-Bit - Saturn Bluetooth [D-Input]","D-Input","Wired","Wired USB","-","v1.02","","1 ms","YES","Not Home","B","3044.0","0.686332","5.2278","8.652","1.596","1.542","YES","0079:0122","","Menny Drives","44101.0","Controller","6.0","","",""
"Retro-Bit","Saturn Bluetooth","Retro-Bit - Saturn Bluetooth [Default]","Default","Wired","Wired USB","-","v1.02","","1 ms","YES","YES","B","3043.0","0.664528","5.5912","8.98","2.008","1.541","YES","057e:2009","","Menny Drives","44101.0","Controller","6.0","","",""
"Retro-Bit","Saturn Bluetooth","Retro-Bit - Saturn Bluetooth [MacOS (X+Home)]","MacOS (X+Home)","Wireless","BT (BCM20702A0)","Bluetooth","v1.02","","1 ms","YES","YES","D","3043.0","0","18.3473","68.300","4.656","6.668","YES","045e:02e0","","Menny Drives","44101.0","Controller","6.0","","",""
"Retro-Bit","Saturn Bluetooth","Retro-Bit - Saturn Bluetooth [Switch (Y+Home)]","Switch (Y+Home)","Wireless","BT (BCM20702A0)","Bluetooth","v1.02","","1 ms","YES","YES","C","3111.0","0.181024","13.6496","48.772","5.64","3.801","YES","057e:2009","","Menny Drives","44101.0","Controller","6.0","","",""
"Retro-Bit","Saturn Wired","Retro-Bit - Saturn Wired [D-Input]","D-Input","Wired","Wired USB","-","","","1 ms","NO","YES","A","2985.0","0.937288","1.0452","3.816","0.348","0.505","YES","0079:0011","","MiSTer Addons","43976.0","Controller","6.0","3.05","",""
"Retro-Bit","Saturn Wired","Retro-Bit - Saturn Wired [X-Input]","X-Input","Wired","Wired USB","-","","","1 ms","NO","YES","A","2010.0","0.935764","1.0706","4.096","0.34","0.54","YES","045e:028e","","MiSTer Addons","43976.0","Controller","6.0","3.05","",""
"Retro-Bit","Tribute 64 USB Controller","Retro-Bit - Tribute 64 USB Controller","","Wired","Wired USB","-","","","1 ms","NO","","B","2010.0","0.484444","8.5926","13.956","3.132","2.855","YES","2563:0575","","MiSTer Addons","44012.0","Controller","6.0","5.0","",""
"Retro-Link","NES Dogbone","Retro-Link - NES Dogbone","","Wired","Wired USB","-","","-","1 ms","NO","YES","C","2500.0","0.309994","11.5001","22.784","0.36","6.268","","0079:0011","","MiSTer Addons","44057.0","Controller","2.0","1.95","",""
"Retro-Link","Saturn Classic","Retro-Link - Saturn Classic","","Wired","Wired USB","-","","-","1 ms","NO","","C","","0.3046","11.59","22.68","0.52","","YES","","","Jorge_ (CGD)","43976.0","Controller","6.0","","",""
"RetroFighters","brawlerGEN USB","RetroFighters - brawlerGEN USB","","Wired","Wired USB","-","","","1 ms","NO","YES","B","2264.0","0.621112","6.3148","11.688","0.776","2.893","YES","0079:0011","","MiSTer Addons","43994.0","Controller","6.0","5.75","",""
"Retroflag","Classic (SNES Style)","Retroflag - Classic (SNES Style)","","Wired","Wired USB","-","","-","1 ms","NO","YES","A","2969.0","0.895696","1.7384","2.3","1.164","0.292","YES","0583:2060","","MiSTer Addons","43976.0","Controller","4.0","","",""
"Retroflag","Genesis USB Controller","Retroflag - Genesis USB Controller","","Wired","Wired USB","-","","","","NO","Yes","A","2143.0","0.913798","1.4367","8.476","0.884","0.328","YES","045e:028e","","MiSTer Addons","44057.0","Controller","6.0","","",""
"RetroUSB","RetroKit Genesis","RetroUSB - RetroKit Genesis","","Wired","Wired USB","-","","-","1 ms","NO","YES","A","2014.0","0.797236","3.3794","6.408","0.484","1.489","YES","f000:0008","","MiSTer Addons","44011.0","Controller Adapter","-","","",""
"RetroUSB","RetroKit NES","RetroUSB - RetroKit NES","","Wired","Wired USB","-","","-","1 ms","NO","YES","A","2060.0","0.86215","2.2975","3.324","1.292","0.434","YES","f000:0003","","MiSTer Addons","44011.0","Controller Adapter","-","","",""
"RetroUSB","RetroKit SNES","RetroUSB - RetroKit SNES","","Wired","Wired USB","-","","-","1 ms","NO","No (B, Y)","A","2196.0","0.864418","2.2597","3.284","1.272","0.422","YES","f000:0003","","MiSTer Addons","44011.0","Controller Adapter","-","","",""
"Reyann","Zero Delay Arcade USB Encoder","Reyann - Zero Delay Arcade USB Encoder","","Wired","Wired USB","-","","-","1 ms","NO","","D","6666.0","0","21.2637","42.22","0.196","11.888","YES","0079:0006","","MiSTer Addons","43978.0","Joystick Encoder","-","-","",""
"Sega","Astro City Mini Controller (ACS-1002)","Sega - Astro City Mini Controller (ACS-1002)","","Wired","Wired USB","-","","","1 ms","NO","YES","B","5774.0","0.6977688897","5.037185172","9.17","0.92","2.304809397","YES","0ca3:0027","","MiSTer Addons","44416.0","Controller","6.0","3.6","",""
"Sega","Astro City Mini Real Arcade Stick","Sega - Astro City Mini Real Arcade Stick","","Wired","Wired USB","-","","","2 ms","NO","YES","B","2007.0","0.6991978066","5.01336989","9.07","0.96","2.319306675","YES","0ca3:0028","","MiSTer Addons","44429.0","Joystick","6.0","-","",""
"Sega","Genesis Mini 3 Button USB (MK-16500)","Sega - Genesis Mini 3 Button USB (MK-16500)","","Wired","Wired USB","-","","","1 ms","NO","","A","2607.0","0.897184","1.7136","2.26","1.168","0.29","YES","0ca3:0025","","MiSTer Addons","44012.0","Controller","3.0","4.2","",""
"SNK","Neo-Geo Mini","SNK - Neo-Geo Mini","","Wired","Wired USB","-","","-","1 ms","NO","YES","A","2813.0","0.89467","1.7555","2.352","1.184","0.293","YES","2563:0575","","MiSTer Addons","43976.0","Controller","4.0","4.6","",""
"SNK","Neo-Geo X","SNK - Neo-Geo X","","Wired","Wired USB","-","-","-","1 ms","NO","YES","B","7348.0","0.645352","5.9108","11.136","0.308","2.866","YES","1292:4e47","","MiSTer Addons","44032.0","Joystick","4.0","","",""
"Sony","DualSense","Sony - DualSense","","Wired","Wired USB","-","","","1 ms","YES","YES","A","2010.0","0.8914671976","1.80888004","2.48","1.18","0.2959393008","YES","054c:0ce6","Wired to R3 button","MiSTer Addons","44416.0","Controller","4.0","9.8","",""
"Sony","DualSense","Sony - DualSense","","Wireless","BT (CSR8510)","Bluetooth","","-","1 ms","YES","YES","B","2026.0","0.6206536296","6.322439506","18.4","3.5","1.406251139","YES","054c:0ce6","Wired to Options button","MiSTer Addons","44416.0","Controller","4.0","9.8","",""
"Sony","DualShock 3","Sony - DualShock 3","","Wired","Wired USB","-","","-","1 ms","YES","YES","B","25772.0","0.444022","9.2663","14.688","3.764","2.866","YES","054c:0268","","MiSTer Addons","43976.0","Controller","4.0","4.85","",""
"Sony","DualShock 3","Sony - DualShock 3","","Wireless","BT (CSR8510)","Bluetooth","","-","1 ms","YES","YES","C","3658.0","0.301246","11.6459","26.94","4.52","3.407","YES","054c:0268","","MiSTer Addons","43976.0","Controller","4.0","4.85","",""
"Sony","DualShock 4 (Rev2)","Sony - DualShock 4 (Rev2)","","Wired","Wired USB","-","","-","1 ms","YES","","A","","0.7864","3.56","4.08","3.03","","YES","054c:09cc","","Jorge_ (CGD)","43976.0","Controller","4.0","7.45","",""
"Sony","DualShock 4 (Rev2)","Sony - DualShock 4 (Rev2)","","Wireless","BT (CSR8510)","Bluetooth","","-","1 ms","YES","","B","2211.0","0.610294","6.4951","19.264","2.456","1.795","YES","054c:09cc","Loic's testings indicates wireles is faster than wired- may be an issue with Linux drivers","MiSTer Addons","43976.0","Controller","4.0","7.45","",""
"Sony","DualShock 4 (Rev2)","Sony - DualShock 4 (Rev2)","","Wireless","Sony DualShock 4 Official Wireless Adapter","Bluetooth","","","1 ms","YES","YES","D","2173.0","0","32.8309","52.812","14.708","7.076","YES","054c:0ba0","","MiSTer Addons","43976.0","Controller","4.0","7.45","",""
"Sony","DualShock 4 (Rev2)","Sony - DualShock 4 (Rev2)","","Wireless","Sony DualShock 4 Official Wireless Adapter","Bluetooth","","","1 ms","YES","YES","D","2227.0","0","32.9295","55.432","13.972","7.298","YES","054c:0ba0","","MiSTer Addons","43976.0","Controller","4.0","7.45","",""
"Sony","Playstation Classic","Sony - Playstation Classic","","Wired","Wired USB","-","","-","1 ms","NO","","A","3175.0","0.877366","2.0439","3.092","1.032","0.577","YES","054c:0cda","","MiSTer Addons","43978.0","Controller","4.0","3.65","",""
"Tata","Kiwitata","Tata - Kiwitata","","Wired","Wired USB","-","","","1 ms","NO","","D","2580.0","0","21.3481","4.236","0.372","11.879","YES","0810:e501","","MiSTer Addons","44012.0","Controller","4.0","3.35","",""
"Toodles","MC Cthlulhu","Toodles - MC Cthlulhu","","Wired","Wired USB","-","","-","1 ms","NO","","A","2171.0","0.898222","1.6963","3.748","1.18","0.293","YES","14d8:face","","evidenceDJ","43998.0","Joystick Encoder","-","-","",""
"Toodles","MC Cthlulhu","Toodles - MC Cthlulhu","","Wired","Wired USB","-","","-","1 ms","NO","","A","2272.0","0.897502","1.7083","2.24","1.196","0.289","YES","14d8:face","","MiSTer Addons","44011.0","Joystick Encoder","-","-","",""
"Ultimarc","I-PAC","Ultimarc - I-PAC","","Wired","Wired USB","-","4 5 6   Y X L","-","1 ms","NO","","A","2023.0","0.747424","4.2096","6.64","1.9","1.185","YES","d209:0420","Can't map menu","MiSTer Addons","43994.0","Joystick Encoder","-","","",""
"Ultimarc","I-PAC (2004)","Ultimarc - I-PAC (2004)","","Wired","Wired USB","-","","-","1 ms","NO","","A","2294.0","0.789136","3.5144","5.708","1.208","1.167","YES","d208:0310","","evidenceDJ","43998.0","Joystick Encoder","-","-","",""
"Ultimarc","I-PAC Ultimate","Ultimarc - I-PAC Ultimate","","Wired","Wired USB","-","1 2 3   B A R","-","1 ms","NO","","A","2110.0","0.739588","4.3402","6.684","1.976","1.18","YES","d209:0410","Can't map menu","MiSTer Addons","43994.0","Joystick Encoder","-","","",""
"Ultimarc","J-PAC","Ultimarc - J-PAC","","Wired","Wired USB","-","","-","1 ms","NO","","A","2012.0","0.795934","3.4011","5.628","1.172","1.169","YES","d209:0450","","MiSTer Addons","43981.0","Joystick Encoder","-","-","",""
"Unbranded","NES USB","Unbranded - NES USB","","Wired","Wired USB","-","","-","1 ms","NO","YES","C","2239.0","0.310546","11.4909","22.916","0.312","6.262","YES","0079:0011","","MiSTer Addons","43994.0","Controller","2.0","","",""
"Vilrose","Retro Gaming Genesis Controller","Vilrose - Retro Gaming Genesis Controller","","Wired","Wired USB","-","","-","1 ms","NO","YES","C","2311.0","0.30715","11.5475","22.848","0.292","6.273","YES","0079:0011","","MiSTer Addons","44019.0","Controller","6.0","3.05","",""
"Vilrose","Retro Gaming Weighted SNES Controller","Vilrose - Retro Gaming Weighted SNES Controller","","Wired","Wired USB","-","","-","1 ms","NO","YES","C","3712.0","0.304192","11.5968","22.876","0.268","6.268","YES","0079:0011","","MiSTer Addons","44019.0","Controller","4.0","3.3","",""
"XinMoTek","XM-08 USB Adapter","XinMoTek - XM-08 USB Adapter","","Wired","Wired USB","-","","-","1 ms","NO","YES","A","9237.0","0.894988","1.7502","2.328","1.192","0.29","YES","16C0:05E1","","@NewsdeeGames","44360.0","Controller Adapter","","","",""
"YoK","Playstation Classic Wireless Controller","YoK - Playstation Classic Wireless Controller","","Wireless","Wireless USB Dongle","Bluetooth","","-","1 ms","YES","YES","B","3211.0","0.554782","7.4203","18.684","2.988","2.374","YES","054c:0cda","","MiSTer Addons","44057.0","Controller","4.0","5.35","",""
