"Make","Model","Device","Link","Connection","Wired/Wireless","WirelessConnection","Home Button","Latency Tier","Latency (in ms)","SD","Max","Min","Category","Face Buttons","Row","Date Added","ID","DeviceClean","DeviceNorm","Platforms","Price","PriceNum","Amazon","Imputed","SD up","SD down","MatchedCaptureFiles","N","RawMean","RawSD","Median","P90","P95","P99","IQR","RawMin","RawMax","PctOnTime","BinA","BinB","BinC","Consistency","HasRawCapture","MetricSource"
"Buffalo","iBuffalo Classic","Buffalo - iBuffalo Classic",,"Wired USB","Wired","-","NO","S",0.69,0.1,1.19,0.19,"Controller","4.0",86,"05/25/2020",1,"Buffalo - iBuffalo Classic","buffalo ibuffalo classic","",,,,TRUE,0.885996398454005,0.494003601545995,,,,,,,,,,,,95.9,100,0,0,,FALSE,"Direct measurement"
"bootsector","RetroPad32","bootsector - RetroPad32",,"Wired USB","Wired","-","NO","S",0.711,0.289,1.248,0.2,"Controller Adapter","-",78,"05/27/2020",2,"bootsector - RetroPad32","bootsector retropad32","",,,,FALSE,1.27722959153208,0.144370408467924,,,,,,,,,,,,95.7,100,0,0,,FALSE,"Direct measurement"
"MisterAddons","MiSTercade","MisterAddons - MiSTercade",,"Wired USB","Wired","-","YES","S",0.738,0.289,1.272,0.216,"Joystick Encoder","-",156,"08/22/2020",4,"MisterAddons - MiSTercade","misteraddons mistercade","",,,,FALSE,1.30482959153208,0.171970408467924,,,,,,,,,,,,95.6,100,0,0,,FALSE,"Direct measurement"
"DaemonBite","Genesis to USB Adapter","DaemonBite - Genesis to USB Adapter",,"Genesis 3 Button Controller","Wired","-","NO","S",0.75,0.29,1.28,0.24,"Controller Adapter","-",91,"05/25/2020",5,"DaemonBite - Genesis to USB Adapter","daemonbite genesis to usb adapter","",,,,FALSE,1.31838955551662,0.181610444483384,,,,,,,,,,,,95.5,100,0,0,,FALSE,"Direct measurement"
"DaemonBite","Arcade Controller","DaemonBite - Arcade Controller",,"Wired USB","Wired","-","YES","S",0.758,0.289,1.264,0.236,"Joystick Encoder","-",88,"05/30/2020",6,"DaemonBite - Arcade Controller","daemonbite arcade controller","",,,,FALSE,1.32402959153208,0.191170408467925,,,,,,,,,,,,95.5,100,0,0,,FALSE,"Direct measurement"
"Brook","Universal Fighting Board","Brook - Universal Fighting Board [Wii U]",,"Wired USB","Wired","-","YES","S",0.767,0.297,2.196,0.236,"Joystick Encoder","-",82,"09/12/2020",7,"Brook - Universal Fighting Board [Wii U]","brook universal fighting board wii u","",,,,FALSE,1.3489093034084,0.184690696591604,,,,,,,,,,,,95.4,100,0,0,,FALSE,"Direct measurement"
"DaemonBite","PC Engine to USB Adapter","DaemonBite - PC Engine to USB Adapter",,"NEC PI-PD6 2 button Controller","Wired","-","NO","S",0.781,0.29,1.592,0.244,"Controller Adapter","-",92,"07/02/2020",8,"DaemonBite - PC Engine to USB Adapter","daemonbite pc engine to usb adapter","",,,,FALSE,1.34938955551662,0.212610444483385,,,,,,,,,,,,95.3,100,0,0,,FALSE,"Direct measurement"
"DaemonBite","Dual Genesis to USB Adapter","DaemonBite - Dual Genesis to USB Adapter",,"Genesis 3 Button Controller","Wired","-","NO","S",0.783,0.289,1.312,0.244,"Controller Adapter","-",89,"06/02/2020",9,"DaemonBite - Dual Genesis to USB Adapter","daemonbite dual genesis to usb adapter","",,,,FALSE,1.34982959153208,0.216970408467924,,,,,,,,,,,,95.3,100,0,0,,FALSE,"Direct measurement"
"DaemonBite","Saturn to USB Adapter","DaemonBite - Saturn to USB Adapter",,"Saturn Japanese Controller (171-6830B)","Wired","-","NO","S",0.799,0.29,1.376,0.252,"Controller Adapter","-",93,"06/02/2020",10,"DaemonBite - Saturn to USB Adapter","daemonbite saturn to usb adapter","",,,,FALSE,1.36698955551662,0.230210444483384,,,,,,,,,,,,95.2,100,0,0,,FALSE,"Direct measurement"
"Brook","Universal Fighting Board","Brook - Universal Fighting Board [PS3]",,"Wired USB","Wired","-","YES","S",0.813,0.289,1.332,0.304,"Joystick Encoder","-",80,"09/12/2020",11,"Brook - Universal Fighting Board [PS3]","brook universal fighting board ps3","",,,,FALSE,1.37922959153208,0.246370408467924,,,,,,,,,,,,95.1,100,0,0,,FALSE,"Direct measurement"
"Brook","Universal Fighting Board","Brook - Universal Fighting Board [PS4]",,"Wired USB","Wired","-","YES","S",0.818,0.289,1.376,0.312,"Joystick Encoder","-",81,"09/12/2020",12,"Brook - Universal Fighting Board [PS4]","brook universal fighting board ps4","",,,,FALSE,1.38442959153208,0.251570408467924,,,,,,,,,,,,95.1,100,0,0,,FALSE,"Direct measurement"
"8BitDo","SFC30 (1st Rev.)","8BitDo - SFC30 (1st Rev.)",,"Wired USB","Wired","-","NO","S",0.84,0.1,1.34,0.32,"Controller","4.0",48,"05/25/2020",13,"8BitDo - SFC30 (1st Rev.)","8bitdo sfc30 1st rev","",,,,TRUE,1.03599639845401,0.644003601545995,,,,,,,,,,,,95,100,0,0,,FALSE,"Direct measurement"
"Brook","Universal Fighting Board","Brook - Universal Fighting Board [XBox 360]",,"Wired USB","Wired","-","YES","S",0.857,0.424,2.296,0.228,"Joystick Encoder","-",83,"09/12/2020",14,"Brook - Universal Fighting Board [XBox 360]","brook universal fighting board xbox 360","",,,,FALSE,1.68832472944498,0.0262752705550172,,,,,,,,,,,,94.9,100,0,0,,FALSE,"Direct measurement"
"8BitDo","NES30","8BitDo - NES30",,"Wired USB","Wired","-","NO","S",0.87,0.29,1.38,0.356,"Controller","4.0",20,"05/27/2020",15,"8BitDo - NES30","8bitdo nes30","",,,,FALSE,1.43848955551662,0.301710444483384,,,,,,,,,,,,94.8,100,0,0,,FALSE,"Direct measurement"
"8BitDo","SN30 (Model 80BA)","8BitDo - SN30 (Model 80BA)",,"Wired USB","Wired","-","NO","S",0.873,0.289,1.388,0.356,"Controller","4.0",49,"05/27/2020",16,"8BitDo - SN30 (Model 80BA)","8bitdo sn30 model 80ba","",,,,FALSE,1.43972959153208,0.306870408467924,,,,,,,,,,,,94.8,100,0,0,,FALSE,"Direct measurement"
"8BitDo","N30 Arcade Stick","8BitDo - N30 Arcade Stick [X-Input]",,"Wired USB","Wired","-","NO","A",1,0.289,1.54,0.484,"Joystick","8.0",19,"06/29/2020",17,"8BitDo - N30 Arcade Stick [X-Input]","8bitdo n30 arcade stick x input","",,,,FALSE,1.56662959153208,0.433770408467924,,,,,,,,,,,,94,100,0,0,,FALSE,"Direct measurement"
"8BitDo","SN30 2.4G SNES (Model 81AD)","8BitDo - SN30 2.4G SNES (Model 81AD)",,"Wired USB","Wired","-","NO","A",1.003,0.311,1.684,0.328,"Controller","4.0",56,"07/20/2020",18,"8BitDo - SN30 2.4G SNES (Model 81AD)","8bitdo sn30 2 4g snes model 81ad","",,,,FALSE,1.61274879919196,0.393651200808043,,,,,,,,,,,,94,100,0,0,,FALSE,"Direct measurement"
"Retro-Bit","Genesis 8 Button USB","Retro-Bit - Genesis 8 Button USB",,"Wired USB","Wired","-","NO","A",1.01,0.46,3.336,0.328,"Controller","6.0",197,"06/30/2020",19,"Retro-Bit - Genesis 8 Button USB","retro bit genesis 8 button usb","",,,,FALSE,1.91138343288842,0.108216567111575,,,,,,,,,,,,93.9,100,0,0,,FALSE,"Direct measurement"
"8BitDo","N30 Arcade Stick","8BitDo - N30 Arcade Stick [D-Input]",,"Wired USB","Wired","-","NO","A",1.025,0.289,1.56,0.5,"Joystick","8.0",15,"06/29/2020",20,"8BitDo - N30 Arcade Stick [D-Input]","8bitdo n30 arcade stick d input","",,,,FALSE,1.59132959153208,0.458470408467924,,,,,,,,,,,,93.9,100,0,0,,FALSE,"Direct measurement"
"8BitDo","PCE 2.4G Wireless Gamepad","8BitDo - PCE 2.4G Wireless Gamepad",,"Wired USB","Wired","-","YES","A",1.033,0.345,8.008,0.38,"Controller","2.0",36,"05/30/2020",21,"8BitDo - PCE 2.4G Wireless Gamepad","8bitdo pce 2 4g wireless gamepad","",,,,FALSE,1.70918757466632,0.356812425333682,,,,,,,,,,,,93.8,100,0,0,,FALSE,"Direct measurement"
"Retro-Bit","Saturn Wired","Retro-Bit - Saturn Wired [D-Input]",,"Wired USB","Wired","-","NO","A",1.045,0.505,3.816,0.348,"Controller","6.0",210,"05/25/2020",22,"Retro-Bit - Saturn Wired [D-Input]","retro bit saturn wired d input","",,,,FALSE,2.03498181219273,0.0554181878072728,,,,,,,,,,,,93.7,100,0,0,,FALSE,"Direct measurement"
"8BitDo","M30 (Genesis Mini & Switch)","8BitDo - M30 (Genesis Mini & Switch)",,"Wired USB","Wired","-","YES","A",1.05,0.1,1.62,0.47,"Controller","6.0",12,"05/25/2020",23,"8BitDo - M30 (Genesis Mini & Switch)","8bitdo m30 genesis mini and switch","",,,,TRUE,1.24599639845401,0.854003601545995,,,,,,,,,,,,93.7,100,0,0,,FALSE,"Direct measurement"
"8BitDo","M30 (Genesis DE9)","8BitDo - M30 (Genesis DE9)",,"Wired USB","Wired","-","YES","A",1.065,0.314,1.792,0.34,"Controller","6.0",10,"05/30/2020",25,"8BitDo - M30 (Genesis DE9)","8bitdo m30 genesis de9","",,,,FALSE,1.68012869114558,0.449271308854423,,,,,,,,,,,,93.6,100,0,0,,FALSE,"Direct measurement"
"Retro-Bit","Saturn Wired","Retro-Bit - Saturn Wired [X-Input]",,"Wired USB","Wired","-","NO","A",1.071,0.54,4.096,0.34,"Controller","6.0",211,"05/25/2020",26,"Retro-Bit - Saturn Wired [X-Input]","retro bit saturn wired x input","",,,,FALSE,2.12898055165163,0.0122194483483711,,,,,,,,,,,,93.6,100,0,0,,FALSE,"Direct measurement"
"DaemonBite","SNES / SFC to USB Adapter","DaemonBite - SNES / SFC to USB Adapter",,"SNES Controller","Wired","-","NO","A",1.111,0.298,1.752,0.512,"Controller Adapter","-",94,"06/02/2020",27,"DaemonBite - SNES / SFC to USB Adapter","daemonbite snes sfc to usb adapter","",,,,FALSE,1.69536926739294,0.527230732607064,,,,,,,,,,,,93.3,100,0,0,,FALSE,"Direct measurement"
"Hori","Fighting Commander PS4 V2","Hori - Fighting Commander PS4 V2 [PC]",,"Wired USB","Wired","-","YES","A",1.332,0.411,2.304,0.372,"Controller","6.0",105,"05/25/2020",28,"Hori - Fighting Commander PS4 V2 [PC]","hori fighting commander ps4 v2 pc","",,,,FALSE,2.13754519764596,0.526454802354038,,,,,,,,,,,,92,100,0,0,,FALSE,"Direct measurement"
"Retroflag","Genesis USB Controller","Retroflag - Genesis USB Controller",,"Wired USB","Wired","-","NO","A",1.437,0.328,8.476,0.884,"Controller","6.0",217,"08/14/2020",29,"Retroflag - Genesis USB Controller","retroflag genesis usb controller","",,,,FALSE,2.07956818692914,0.793831813070862,,,,,,,,,,,,91.4,100,0,0,,FALSE,"Direct measurement"
"Paradise Arcade","Lono","Paradise Arcade - Lono",,"Wired USB","Wired","-","YES","A",1.516,0.345,2.316,0.624,"Joystick Encoder","-",176,"06/01/2020",30,"Paradise Arcade - Lono","paradise arcade lono","",,,,FALSE,2.19268757466632,0.840312425333682,,,,,,,,,,,,90.9,100,0,0,,FALSE,"Direct measurement"
"DaemonBite","Dual Genesis to USB Adapter","DaemonBite - Dual Genesis to USB Adapter",,"6 Button Controller","Wired","-","NO","A",1.604,0.557,2.904,0.3,"Controller Adapter","-",90,"06/02/2020",31,"DaemonBite - Dual Genesis to USB Adapter","daemonbite dual genesis to usb adapter","",,,,FALSE,2.69549993938881,0.51210006061119,,,,,,,,,,,,90.4,100,0,0,,FALSE,"Direct measurement"
"Raphnet","PCEngine Controller to USB Adapter","Raphnet - PCEngine Controller to USB Adapter",,"PC Engine NEC PI-PD6","Wired","-","NO","A",1.632,0.414,2.64,0.624,"Controller Adapter","-",190,"06/30/2020",32,"Raphnet - PCEngine Controller to USB Adapter","raphnet pcengine controller to usb adapter","",,,,FALSE,2.44352508959958,0.820674910400418,,,,,,,,,,,,90.2,100,0,0,,FALSE,"Direct measurement"
"Raphnet","SNES Controller to USB Adapter","Raphnet - SNES Controller to USB Adapter",,"Wired USB","Wired","-","NO","A",1.646,0.414,2.624,0.656,"Controller Adapter","-",191,"08/14/2020",33,"Raphnet - SNES Controller to USB Adapter","raphnet snes controller to usb adapter","",,,,FALSE,2.45742508959958,0.834574910400418,,,,,,,,,,,,90.1,100,0,0,,FALSE,"Direct measurement"
"bootsector","LLOAD","bootsector - LLOAD",,"Wired USB","Wired","-","NO","A",1.67,0.1,2.18,1.18,"Controller Adapter","-",77,"05/25/2020",34,"bootsector - LLOAD","bootsector lload","",,,,TRUE,1.86599639845401,1.47400360154599,,,,,,,,,,,,90,100,0,0,,FALSE,"Direct measurement"
"Toodles","MC Cthlulhu","Toodles - MC Cthlulhu",,"Wired USB","Wired","-","NO","A",1.696,0.293,3.748,1.18,"Joystick Encoder","-",237,"06/16/2020",35,"Toodles - MC Cthlulhu","toodles mc cthlulhu","",,,,FALSE,2.27056944747024,1.12203055252976,,,,,,,,,,,,89.8,100,0,0,,FALSE,"Direct measurement"
"2600-daptor","D9","2600-daptor - D9",,"Wired USB","Wired","-","NO","A",1.704,0.29,2.244,1.18,"Controller Adapter","-",2,"06/06/2020",36,"2600-daptor - D9","2600 daptor d9","",,,,FALSE,2.27278955551662,1.13601044448338,,,,,,,,,,,,89.8,100,0,0,,FALSE,"Direct measurement"
"Sega","Genesis Mini 3 Button USB (MK-16500)","Sega - Genesis Mini 3 Button USB (MK-16500)",,"Wired USB","Wired","-","NO","A",1.714,0.29,2.26,1.168,"Controller","3.0",224,"06/30/2020",38,"Sega - Genesis Mini 3 Button USB (MK-16500)","sega genesis mini 3 button usb mk 16500","",,,,FALSE,2.28198955551662,1.14521044448338,,,,,,,,,,,,89.7,100,0,0,,FALSE,"Direct measurement"
"Brook","Zero Pi Fighting Board","Brook - Zero Pi Fighting Board",,"Wired USB","Wired","-","NO","A",1.736,0.291,3.688,1.224,"Joystick Encoder","-",85,"06/09/2020",39,"Brook - Zero Pi Fighting Board","brook zero pi fighting board","",,,,FALSE,2.30614951950116,1.16545048049884,,,,,,,,,,,,89.6,100,0,0,,FALSE,"Direct measurement"
"Retroflag","Classic (SNES Style)","Retroflag - Classic (SNES Style)",,"Wired USB","Wired","-","NO","A",1.738,0.292,2.3,1.164,"Controller","4.0",216,"05/25/2020",40,"Retroflag - Classic (SNES Style)","retroflag classic snes style","",,,,FALSE,2.3107094834857,1.1660905165143,,,,,,,,,,,,89.6,100,0,0,,FALSE,"Direct measurement"
"XinMoTek","XM-08 USB Adapter","XinMoTek - XM-08 USB Adapter",,"Wired USB","Wired","-","NO","A",1.75,0.29,2.328,1.192,"Controller Adapter",,246,"06/13/2021",41,"XinMoTek - XM-08 USB Adapter","xinmotek xm 08 usb adapter","",,,,FALSE,2.31858955551662,1.18181044448338,,,,,,,,,,,,89.5,100,0,0,,FALSE,"Direct measurement"
"SNK","Neo-Geo Mini","SNK - Neo-Geo Mini",,"Wired USB","Wired","-","NO","A",1.756,0.293,2.352,1.184,"Controller","4.0",225,"05/25/2020",42,"SNK - Neo-Geo Mini","snk neo geo mini","",,,,FALSE,2.32976944747024,1.18123055252976,,,,,,,,,,,,89.5,100,0,0,,FALSE,"Direct measurement"
"Hori","Fighting Stick Mini","Hori - Fighting Stick Mini",,"Wired USB","Wired","-","YES","A",1.785,0.3,2.444,1.14,"Joystick","8.0",113,"06/09/2020",43,"Hori - Fighting Stick Mini","hori fighting stick mini","",,,,FALSE,2.37318919536202,1.19721080463798,,,,,,,,,,,,89.3,100,0,0,,FALSE,"Direct measurement"
"Hori","TurboGrafx 16 Mini USB Controller","Hori - TurboGrafx 16 Mini USB Controller",,"Wired USB","Wired","-","NO","A",1.788,0.296,2.372,1.168,"Controller","2.0",123,"06/01/2020",44,"Hori - TurboGrafx 16 Mini USB Controller","hori turbografx 16 mini usb controller","",,,,FALSE,2.36824933942386,1.20795066057614,,,,,,,,,,,,89.3,100,0,0,,FALSE,"Direct measurement"
"Raphnet","Classic Controller to USB adapter - V3","Raphnet - Classic Controller to USB adapter - V3",,"SNES Classic","Wired","-","NO","A",1.804,0.413,2.78,0.804,"Controller Adapter","-",188,"05/25/2020",45,"Raphnet - Classic Controller to USB adapter - V3","raphnet classic controller to usb adapter v3","",,,,FALSE,2.61346512561504,0.994534874384958,,,,,,,,,,,,89.2,100,0,0,,FALSE,"Direct measurement"
"Sony","DualSense","Sony - DualSense",,"Wired USB","Wired","-","YES","A",1.809,0.296,2.48,1.18,"Controller","4.0",227,"08/08/2021",46,"Sony - DualSense","sony dualsense","",,,,FALSE,2.38891041117797,1.22884966882203,,,,,,,,,,,,89.1,100,0,0,,FALSE,"Direct measurement"
"Sony","Playstation Classic","Sony - Playstation Classic",,"Wired USB","Wired","-","NO","A",2.044,0.577,3.092,1.032,"Controller","4.0",235,"05/27/2020",48,"Sony - Playstation Classic","sony playstation classic","",,,,FALSE,3.17479921907961,0.913000780920389,,,,,,,,,,,,87.7,100,0,0,,FALSE,"Direct measurement"
"Hori","Fighting Commander PS4 V2","Hori - Fighting Commander PS4 V2 [PS3]",,"Wired USB","Wired","-","YES","A",2.185,0.418,3.16,1.176,"Controller","6.0",106,"05/25/2020",49,"Hori - Fighting Commander PS4 V2 [PS3]","hori fighting commander ps4 v2 ps3","",,,,FALSE,3.00406494553774,1.36553505446226,,,,,,,,,,,,86.9,100,0,0,,FALSE,"Direct measurement"
"Hori","Fighting Commander PS4 V2","Hori - Fighting Commander PS4 V2 [PS4]",,"Wired USB","Wired","-","YES","A",2.206,0.429,7.528,1.216,"Controller","6.0",107,"05/25/2020",50,"Hori - Fighting Commander PS4 V2 [PS4]","hori fighting commander ps4 v2 ps4","",,,,FALSE,3.04682454936768,1.36517545063232,,,,,,,,,,,,86.8,100,0,0,,FALSE,"Direct measurement"
"RetroUSB","RetroKit SNES","RetroUSB - RetroKit SNES",,"Wired USB","Wired","-","NO","A",2.26,0.422,3.284,1.272,"Controller Adapter","-",220,"06/29/2020",51,"RetroUSB - RetroKit SNES","retrousb retrokit snes","",,,,FALSE,3.0868048014759,1.4325951985241,,,,,,,,,,,,86.4,100,0,0,,FALSE,"Direct measurement"
"Razer","Panthera Evo","Razer - Panthera Evo",,"Wired USB","Wired","-","YES","A",2.296,0.403,3.2963,1.32,"Joystick","8.0",192,"06/13/2020",52,"Razer - Panthera Evo","razer panthera evo","",,,,FALSE,3.08616548576964,1.50643451423036,,,,,,,,,,,,86.2,100,0,0,,FALSE,"Direct measurement"
"RetroUSB","RetroKit NES","RetroUSB - RetroKit NES",,"Wired USB","Wired","-","NO","A",2.297,0.434,3.324,1.292,"Controller Adapter","-",219,"06/29/2020",53,"RetroUSB - RetroKit NES","retrousb retrokit nes","",,,,FALSE,3.14812436929038,1.44687563070962,,,,,,,,,,,,86.2,100,0,0,,FALSE,"Direct measurement"
"PDP","Xbox 360 Versus Controller (MS-3660)","PDP - Xbox 360 Versus Controller (MS-3660)",,"Wired USB","Wired","-","YES","A",2.806,1.206,5.688,0.28,"Controller","6.0",177,"05/25/2020",54,"PDP - Xbox 360 Versus Controller (MS-3660)","pdp xbox 360 versus controller ms 3660","",,,,FALSE,5.1695165653553,0.442083434644696,,,,,,,,,,,,83.2,100,0,0,,FALSE,"Direct measurement"
"Hori","Fighting Commander Octa (AB03-001)","Hori - Fighting Commander Octa (AB03-001)",,"Wired USB","Wired","-","YES","A",2.904,1.187,5.35,0.45,"Controller","6.0",104,"08/08/2021",55,"Hori - Fighting Commander Octa (AB03-001)","hori fighting commander octa ab03 001","",,,,FALSE,5.22949028247129,0.577783335528712,1,2042,2.90314887365328,1.18676740784559,2.9,4.489,4.76,5.1177,2.0175,0.45,5.35,82.6,100,0,0,59.1,TRUE,"Direct measurement"
"Mayflash","2 Port SNES to USB","Mayflash - 2 Port SNES to USB",,"Wired USB","Wired","-","NO","A",2.916,0.58,3.936,1.904,"Controller Adapter","-",134,"05/25/2020",56,"Mayflash - 2 Port SNES to USB","mayflash 2 port snes to usb","",,,,FALSE,4.05247911103323,1.77892088896677,,,,,,,,,,,,82.5,100,0,0,,FALSE,"Direct measurement"
"Qanba","Obsidian","Qanba - Obsidian [PS4]",,"Wired USB","Wired","-","YES","A",3.024,1.163,5.028,1.02,"Joystick","8.0",187,"08/14/2020",57,"Qanba - Obsidian [PS4]","qanba obsidian ps4","",,,,FALSE,5.30373811402008,0.744861885979918,,,,,,,,,,,,81.9,100,0,0,,FALSE,"Direct measurement"
"Hori","Fighting Commander Xbox One","Hori - Fighting Commander Xbox One [Xbox One]",,"Wired USB","Wired","-","YES","A",3.153,1.16,5.176,1.12,"Controller","6.0",112,"06/02/2020",58,"Hori - Fighting Commander Xbox One [Xbox One]","hori fighting commander xbox one xbox one","",,,,FALSE,5.42615822206646,0.879041777933538,,,,,,,,,,,,81.1,100,0,0,,FALSE,"Direct measurement"
"Hori","Fighting Commander Xbox One","Hori - Fighting Commander Xbox One [Xbox 360 / PC]",,"Wired USB","Wired","-","YES","A",3.158,1.158,5.204,1.124,"Controller","6.0",110,"06/01/2020",59,"Hori - Fighting Commander Xbox One [Xbox 360 / PC]","hori fighting commander xbox one xbox 360 pc","",,,,FALSE,5.42743829409738,0.888161705902618,,,,,,,,,,,,81.1,100,0,0,,FALSE,"Direct measurement"
"8BitDo","SN30 Pro USB","8BitDo - SN30 Pro USB [Wired]",,"Wired USB","Wired","-","YES","A",3.245,0.962,5.112,1.688,"Controller","4.0",60,"06/07/2020",61,"8BitDo - SN30 Pro USB [Wired]","8bitdo sn30 pro usb wired","",,,,FALSE,5.13008535312753,1.35911464687247,,,,,,,,,,,,80.5,100,0,0,,FALSE,"Direct measurement"
"Qanba","Drone","Qanba - Drone [PS3]",,"Wired USB","Wired","-","YES","A",3.25,0.812,5.24,1.296,"Joystick","8.0",183,"08/14/2020",62,"Qanba - Drone [PS3]","qanba drone ps3","",,,,FALSE,4.84139075544652,1.65840924455348,,,,,,,,,,,,80.5,100,0,0,,FALSE,"Direct measurement"
"Qanba","Drone","Qanba - Drone [PS4]",,"Wired USB","Wired","-","YES","A",3.264,0.824,5.232,1.344,"Joystick","8.0",184,"08/14/2020",63,"Qanba - Drone [PS4]","qanba drone ps4","",,,,FALSE,4.879510323261,1.649489676739,,,,,,,,,,,,80.4,100,0,0,,FALSE,"Direct measurement"
"Qanba","Obsidian","Qanba - Obsidian [PC]",,"Wired USB","Wired","-","YES","A",3.273,0.814,5.196,1.28,"Joystick","8.0",185,"08/14/2020",64,"Qanba - Obsidian [PC]","qanba obsidian pc","",,,,FALSE,4.8682106834156,1.6773893165844,,,,,,,,,,,,80.4,100,0,0,,FALSE,"Direct measurement"
"Qanba","Obsidian","Qanba - Obsidian [PS3]",,"Wired USB","Wired","-","YES","A",3.279,0.818,5.252,1.324,"Joystick","8.0",186,"08/14/2020",65,"Qanba - Obsidian [PS3]","qanba obsidian ps3","",,,,FALSE,4.88235053935376,1.67584946064624,,,,,,,,,,,,80.3,100,0,0,,FALSE,"Direct measurement"
"RetroUSB","RetroKit Genesis","RetroUSB - RetroKit Genesis",,"Wired USB","Wired","-","NO","A",3.379,1.489,6.408,0.484,"Controller Adapter","-",218,"06/29/2020",66,"RetroUSB - RetroKit Genesis","retrousb retrokit genesis","",,,,FALSE,6.29778637298014,0.46101362701986,,,,,,,,,,,,79.7,100,0,0,,FALSE,"Direct measurement"
"Ultimarc","J-PAC","Ultimarc - J-PAC",,"Wired USB","Wired","-","NO","A",3.401,1.169,5.628,1.172,"Joystick Encoder","-",242,"05/30/2020",67,"Ultimarc - J-PAC","ultimarc j pac","",,,,FALSE,5.69229789792732,1.10990210207268,,,,,,,,,,,,79.6,100,0,0,,FALSE,"Direct measurement"
"Ultimarc","I-PAC (2004)","Ultimarc - I-PAC (2004)",,"Wired USB","Wired","-","NO","A",3.514,1.167,5.708,1.208,"Joystick Encoder","-",240,"06/16/2020",68,"Ultimarc - I-PAC (2004)","ultimarc i pac 2004","",,,,FALSE,5.80167796995824,1.22712203004176,,,,,,,,,,,,78.9,100,0,0,,FALSE,"Direct measurement"
"Sony","DualShock 4 (Rev2)","Sony - DualShock 4 (Rev2)",,"Wired USB","Wired","-","YES","A",3.56,0.1,4.08,3.03,"Controller","4.0",231,"05/25/2020",69,"Sony - DualShock 4 (Rev2)","sony dualshock 4 rev2","",,,,TRUE,3.75599639845401,3.36400360154599,,,,,,,,,,,,78.6,100,0,0,,FALSE,"Direct measurement"
"PowerA","Fusion Wired Fightpad for PS4","PowerA - Fusion Wired Fightpad for PS4",,"Wired USB","Wired","-","YES","A",3.566,1.171,6.068,1.104,"Controller","6.0",178,"05/27/2020",70,"PowerA - Fusion Wired Fightpad for PS4","powera fusion wired fightpad for ps4","",,,,FALSE,5.8613178258964,1.2710821741036,,,,,,,,,,,,78.6,100,0,0,,FALSE,"Direct measurement"
"Krikzz","Joyzz","Krikzz - Joyzz",,"2.4 GHz DE9 (DaemonBite)","Wireless","2.4 GHz","NO","A",3.642,0.296,4.332,3.06,"Controller","6.0",126,"06/01/2020",71,"Krikzz - Joyzz","krikzz joyzz","",,,,FALSE,4.22194933942386,3.06165066057614,,,,,,,,,,,,78.1,100,0,0,,FALSE,"Direct measurement"
"Generic","1 Port SNES to USB (AliExpress)","Generic - 1 Port SNES to USB (AliExpress)",,"Wired USB","Wired","-","NO","A",3.699,0.865,5.212,2.188,"Controller Adapter","-",101,"05/25/2020",72,"Generic - 1 Port SNES to USB (AliExpress)","generic 1 port snes to usb aliexpress","",,,,FALSE,5.39476884662715,2.00403115337285,,,,,,,,,,,,77.8,100,0,0,,FALSE,"Direct measurement"
"Mayflash","Megadrive Controller Adapter PC USB","Mayflash - Megadrive Controller Adapter PC USB [X-Input]",,"Wired USB","Wired","-","NO","A",3.782,1.192,6.228,1.336,"Controller Adapter","-",142,"07/20/2020",73,"Mayflash - Megadrive Controller Adapter PC USB [X-Input]","mayflash megadrive controller adapter pc usb x input","",,,,FALSE,6.11807706957174,1.44552293042826,,,,,,,,,,,,77.3,100,0,0,,FALSE,"Direct measurement"
"MadCatz","TE2+ Ryu SFV","MadCatz - TE2+ Ryu SFV",,"Wired USB","Wired","-","YES","A",3.83,1.202,7.196,1.36,"Joystick","8.0",133,"06/10/2020",74,"MadCatz - TE2+ Ryu SFV","madcatz te2 ryu sfv","",,,,FALSE,6.18557670941714,1.47382329058286,,,,,,,,,,,,77,100,0,0,,FALSE,"Direct measurement"
"BlissBox","BlisSTer v2","BlissBox - BlisSTer v2 [Non-LLAPI]",,"NES OEM via Bliss Adapter","Wired","-","NO","A",4.1,0.577,5.16,3.096,"Controller Adapter","-",76,"09/19/2020",75,"BlissBox - BlisSTer v2 [Non-LLAPI]","blissbox blisster v2 non llapi","",,,,FALSE,5.23119921907961,2.96940078092039,,,,,,,,,,,,75.4,100,0,0,,FALSE,"Direct measurement"
"Ultimarc","I-PAC","Ultimarc - I-PAC",,"Wired USB","Wired","-","NO","A",4.21,1.185,6.64,1.9,"Joystick Encoder","-",239,"06/12/2020",76,"Ultimarc - I-PAC","ultimarc i pac","",,,,FALSE,6.53215732167996,1.88704267832004,,,,,,,,,,,,74.7,100,0,0,,FALSE,"Direct measurement"
"Logitech","F310 USB Gamepad","Logitech - F310 USB Gamepad [X-Input]",,"Wired USB","Wired","-","NO","A",4.262,0.756,6.084,2.516,"Controller","4.0",129,"06/30/2020",77,"Logitech - F310 USB Gamepad [X-Input]","logitech f310 usb gamepad x input","",,,,FALSE,5.74363277231228,2.78016722768772,,,,,,,,,,,,74.4,100,0,0,,FALSE,"Direct measurement"
"Hori","Real Arcade Pro 4 Kai","Hori - Real Arcade Pro 4 Kai [PS3]",,"Wired USB","Wired","-","YES","A",4.294,1.286,7.196,1.42,"Joystick","8.0",117,"06/11/2020",78,"Hori - Real Arcade Pro 4 Kai [PS3]","hori real arcade pro 4 kai ps3","",,,,FALSE,6.81411368411851,1.77308631588149,,,,,,,,,,,,74.2,100,0,0,,FALSE,"Direct measurement"
"Hori","Real Arcade Pro 4 Kai","Hori - Real Arcade Pro 4 Kai [PC]",,"Wired USB","Wired","-","YES","A",4.318,1.293,7.148,1.36,"Joystick","8.0",116,"06/11/2020",79,"Hori - Real Arcade Pro 4 Kai [PC]","hori real arcade pro 4 kai pc","",,,,FALSE,6.85253343201029,1.78406656798971,,,,,,,,,,,,74.1,100,0,0,,FALSE,"Direct measurement"
"Ultimarc","I-PAC Ultimate","Ultimarc - I-PAC Ultimate",,"Wired USB","Wired","-","NO","A",4.34,1.18,6.684,1.976,"Joystick Encoder","-",241,"06/12/2020",80,"Ultimarc - I-PAC Ultimate","ultimarc i pac ultimate","",,,,FALSE,6.65295750175726,2.02744249824274,,,,,,,,,,,,74,100,0,0,,FALSE,"Direct measurement"
"Hori","Real Arcade Pro 4 Kai","Hori - Real Arcade Pro 4 Kai [PS4]",,"Wired USB","Wired","-","YES","A",4.345,1.3,7.248,1.42,"Joystick","8.0",118,"06/11/2020",81,"Hori - Real Arcade Pro 4 Kai [PS4]","hori real arcade pro 4 kai ps4","",,,,FALSE,6.89295317990207,1.79704682009793,,,,,,,,,,,,73.9,100,0,0,,FALSE,"Direct measurement"
"Logitech","F310 USB Gamepad","Logitech - F310 USB Gamepad [D-Input]",,"Wired USB","Wired","-","NO","A",4.43,0.77,6.368,2.608,"Controller","4.0",128,"06/30/2020",82,"Logitech - F310 USB Gamepad [D-Input]","logitech f310 usb gamepad d input","",,,,FALSE,5.93897226809584,2.92062773190416,,,,,,,,,,,,73.4,100,0,0,,FALSE,"Direct measurement"
"8BitDo","M30 (Genesis DE9)","8BitDo - M30 (Genesis DE9)",,"2.4 GHz DE9 (DaemonBite)","Wireless","2.4 GHz","YES","A",4.54,1.31,8.05,2.22,"Controller","6.0",11,"05/25/2020",83,"8BitDo - M30 (Genesis DE9)","8bitdo m30 genesis de9","",,,,FALSE,7.10755281974747,1.97244718025253,,,,,,,,,,,,72.8,100,0,0,,FALSE,"Direct measurement"
"Hori","Nintendo Switch HORIPAD","Hori - Nintendo Switch HORIPAD",,"Wired USB","Wired","-","YES","A",4.717,1.471,7.616,1.692,"Controller","4.0",114,"06/30/2020",84,"Hori - Nintendo Switch HORIPAD","hori nintendo switch horipad","",,,,FALSE,7.60000702125842,1.83379297874158,,,,,,,,,,,,71.7,100,0,0,,FALSE,"Direct measurement"
"Hori","Real Arcade Pro V Hayabusa Nintendo Switch","Hori - Real Arcade Pro V Hayabusa Nintendo Switch [?]",,"Wired USB","Wired","-","YES","A",4.727,1.47,7.636,1.671,"Joystick","8.0",121,"06/29/2020",85,"Hori - Real Arcade Pro V Hayabusa Nintendo Switch [?]","hori real arcade pro v hayabusa nintendo switch","",,,,FALSE,7.60844705727388,1.84615294272612,,,,,,,,,,,,71.6,100,0,0,,FALSE,"Direct measurement"
"Mayflash","Wii Classic Controller Adapter For PC","Mayflash - Wii Classic Controller Adapter For PC [-]",,"Wired USB","Wired","-","NO","A",4.852,2.293,9.31,0.48,"Controller Adapter","-",145,"08/08/2021",87,"Mayflash - Wii Classic Controller Adapter For PC [-]","mayflash wii classic controller adapter for pc","",,,,FALSE,9.34682330326822,0.357287594731776,,,,,,,,,,,,70.9,100,0,0,,FALSE,"Direct measurement"
"Nintendo","Wii Classic","Nintendo - Wii Classic",,"Mayflash Wii Classic USB Adapter","Wired","Wired","YES","A",4.852,2.293,9.31,0.48,"Controller","4.0",167,"08/08/2021",88,"Nintendo - Wii Classic","nintendo wii classic","",,,,FALSE,9.34682330326822,0.357287594731776,,,,,,,,,,,,70.9,100,0,0,,FALSE,"Direct measurement"
"PowerA","Fusion Wired Fightpad for Switch","PowerA - Fusion Wired Fightpad for Switch",,"Wired USB","Wired","-","YES","A",4.881,2.323,9.12,0.28,"Controller","6.0",179,"05/30/2020",89,"PowerA - Fusion Wired Fightpad for Switch","powera fusion wired fightpad for switch","",,,,FALSE,9.43429633608655,0.328303663913456,,,,,,,,,,,,70.7,100,0,0,,FALSE,"Direct measurement"
"Sega","Astro City Mini Real Arcade Stick","Sega - Astro City Mini Real Arcade Stick",,"Wired USB","Wired","-","NO","B",5.013,2.319,9.07,0.96,"Joystick","6.0",223,"08/21/2021",90,"Sega - Astro City Mini Real Arcade Stick","sega astro city mini real arcade stick","",,,,FALSE,9.55912744210334,0.467612337896656,,,,,,,,,,,,69.9,100,0,0,,FALSE,"Direct measurement"
"Sega","Astro City Mini Controller (ACS-1002)","Sega - Astro City Mini Controller (ACS-1002)",,"Wired USB","Wired","-","NO","B",5.037,2.305,9.17,0.92,"Controller","6.0",222,"08/08/2021",91,"Sega - Astro City Mini Controller (ACS-1002)","sega astro city mini controller acs 1002","",,,,FALSE,9.55452858134948,0.519841762650522,,,,,,,,,,,,69.8,100,0,0,,FALSE,"Direct measurement"
"Retro-Bit","Saturn Bluetooth","Retro-Bit - Saturn Bluetooth [D-Input]",,"Wired USB","Wired","-","YES","B",5.228,1.542,8.652,1.596,"Controller","6.0",206,"09/27/2020",92,"Retro-Bit - Saturn Bluetooth [D-Input]","retro bit saturn bluetooth d input","",,,,FALSE,8.25006446416076,2.20553553583924,,,,,,,,,,,,68.6,100,0,0,,FALSE,"Direct measurement"
"Hori","Real Arcade Pro N Hayabusa","Hori - Real Arcade Pro N Hayabusa [PS3]",,"Wired USB","Wired","-","YES","B",5.269,1.647,9.196,1.284,"Joystick","8.0",119,"06/07/2020",93,"Hori - Real Arcade Pro N Hayabusa [PS3]","hori real arcade pro n hayabusa ps3","",,,,FALSE,8.49696068253747,2.04083931746253,,,,,,,,,,,,68.4,100,0,0,,FALSE,"Direct measurement"
"Hori","Real Arcade Pro N Hayabusa","Hori - Real Arcade Pro N Hayabusa [PS4]",,"Wired USB","Wired","-","YES","B",5.288,1.616,9.036,1.332,"Joystick","8.0",120,"06/07/2020",94,"Hori - Real Arcade Pro N Hayabusa [PS4]","hori real arcade pro n hayabusa ps4","",,,,FALSE,8.45580179901673,2.12119820098327,,,,,,,,,,,,68.3,100,0,0,,FALSE,"Direct measurement"
"Retro-Bit","Saturn Bluetooth","Retro-Bit - Saturn Bluetooth [Amazon (A+Plug)]",,"Wired USB","Wired","-","YES","B",5.31,1.552,8.78,1.72,"Controller","6.0",204,"09/27/2020",95,"Retro-Bit - Saturn Bluetooth [Amazon (A+Plug)]","retro bit saturn bluetooth amazon a plug","",,,,FALSE,8.35156410400616,2.26783589599384,,,,,,,,,,,,68.1,100,0,0,,FALSE,"Direct measurement"
"Cyboris","Switch Pro Controller","Cyboris - Switch Pro Controller",,"Wired USB","Wired","-","YES","B",5.356,1.532,8.244,2.272,"Controller","4.0",87,"08/14/2020",96,"Cyboris - Switch Pro Controller","cyboris switch pro controller","",,,,FALSE,8.35886482431536,2.35353517568464,,,,,,,,,,,,67.9,100,0,0,,FALSE,"Direct measurement"
"Hori","Pro Pad Wired Controller - Pokken Tournament DX Edition","Hori - Pro Pad Wired Controller - Pokken Tournament DX Edition",,"Wired USB","Wired","-","NO","B",5.404,0.407,6.444,4.36,"Controller","4.0",115,"05/26/2020",97,"Hori - Pro Pad Wired Controller - Pokken Tournament DX Edition","hori pro pad wired controller pokken tournament dx edition","",,,,FALSE,6.2017053417078,4.6062946582922,,,,,,,,,,,,67.6,100,0,0,,FALSE,"Direct measurement"
"Brook","Wireless Fighting Board","Brook - Wireless Fighting Board",,"BT","Wireless","Bluetooth","NO","B",5.561,1.527,16.272,2.3,"Joystick Encoder","-",84,"05/26/2020",98,"Brook - Wireless Fighting Board","brook wireless fighting board","",,,,FALSE,8.55386500439266,2.56813499560734,,,,,,,,,,,,66.6,100,0,0,,FALSE,"Direct measurement"
"Microsoft","Xbox Wireless Controller","Microsoft - Xbox Wireless Controller",,"Wired USB","Wired","-","YES","B",5.591,2.318,9.94,1.55,"Controller","4.0",154,"08/08/2021",99,"Microsoft - Xbox Wireless Controller","microsoft xbox wireless controller","",,,,FALSE,10.1336026017602,1.04844995223978,,,,,,,,,,,,66.5,100,0,0,,FALSE,"Direct measurement"
"Retro-Bit","Saturn Bluetooth","Retro-Bit - Saturn Bluetooth [Default]",,"Wired USB","Wired","-","YES","B",5.591,1.541,8.98,2.008,"Controller","6.0",207,"09/27/2020",100,"Retro-Bit - Saturn Bluetooth [Default]","retro bit saturn bluetooth default","",,,,FALSE,8.61150450017622,2.57089549982378,,,,,,,,,,,,66.5,100,0,0,,FALSE,"Direct measurement"
"8BitDo","NES30","8BitDo - NES30",,"8Bitdo Wireless Bluetooth (D-Input / Select + Left)","Wireless","Bluetooth","NO","B",5.671,0.899,17.612,3.848,"Controller","4.0",21,"05/27/2020",101,"8BitDo - NES30","8bitdo nes30","",,,,FALSE,7.43300762210151,3.90899237789849,,,,,,,,,,,,66,100,0,0,,FALSE,"Direct measurement"
"8BitDo","NES30","8BitDo - NES30",,"8Bitdo Wireless Bluetooth (Switch Mode / Default)","Wireless","Bluetooth","NO","B",5.724,1.117,21.024,3.828,"Controller","4.0",22,"05/27/2020",102,"8BitDo - NES30","8bitdo nes30","",,,,FALSE,7.91337977073124,3.53482022926876,,,,,,,,,,,,65.7,100,0,0,,FALSE,"Direct measurement"
"8BitDo","M30 (Bluetooth)","8BitDo - M30 (Bluetooth)",,"Wired USB","Wired","-","YES","B",5.74,2.867,11.1,0.32,"Controller","6.0",7,"05/25/2020",103,"8BitDo - M30 (Bluetooth)","8bitdo m30 bluetooth","",,,,TRUE,11.3586746394288,0.121325360571176,,,,,,,,,,,,65.6,100,0,0,,FALSE,"Direct measurement"
"8BitDo","NES30","8BitDo - NES30",,"8Bitdo Wireless Bluetooth (X-Input / Select + Up)","Wireless","Bluetooth","NO","B",5.777,1.084,22.324,3.852,"Controller","4.0",23,"05/27/2020",105,"8BitDo - NES30","8bitdo nes30","",,,,FALSE,7.90170095924142,3.65249904075858,,,,,,,,,,,,65.3,100,0,0,,FALSE,"Direct measurement"
"FreeJoy","FreeJoy","FreeJoy - FreeJoy",,"Wired USB","Wired","-","YES","B",5.798,1.511,9.716,2.02,"Controller Adapter","-",96,"08/27/2020",106,"FreeJoy - FreeJoy","freejoy freejoy","",,,,FALSE,8.75900558064002,2.83599441935998,,,,,,,,,,,,65.2,100,0,0,,FALSE,"Direct measurement"
"SNK","Neo-Geo X","SNK - Neo-Geo X",,"Wired USB","Wired","-","NO","B",5.911,2.866,11.136,0.308,"Joystick","4.0",226,"07/20/2020",107,"SNK - Neo-Geo X","snk neo geo x","",,,,FALSE,11.5280567796918,0.293543220308206,,,,,,,,,,,,64.5,100,0,0,,FALSE,"Direct measurement"
"PowerA","Fusion Wired Fightpad for Xbox One","PowerA - Fusion Wired Fightpad for Xbox One",,"Wired USB","Wired","-","YES","B",5.927,2.87,11.196,0.396,"Controller","6.0",180,"05/30/2020",108,"PowerA - Fusion Wired Fightpad for Xbox One","powera fusion wired fightpad for xbox one","",,,,FALSE,11.55229663563,0.302103364370046,,,,,,,,,,,,64.4,100,0,0,,FALSE,"Direct measurement"
"Microsoft","Xbox One Model 1708","Microsoft - Xbox One Model 1708",,"Wired USB","Wired","-","YES","B",5.929,2.321,10.332,1.348,"Controller","4.0",151,"05/25/2020",109,"Microsoft - Xbox One Model 1708","microsoft xbox one model 1708","",,,,FALSE,10.4779764081175,1.37982359188254,,,,,,,,,,,,64.4,100,0,0,,FALSE,"Direct measurement"
"8BitDo","Pro 2","8BitDo - Pro 2 [XInput]",,"Wired USB","Wired","-","YES","B",6.039,2.901,11.552,0.612,"Controller","4.0",46,"04/23/2021",110,"8BitDo - Pro 2 [XInput]","8bitdo pro 2 xinput","",,,,FALSE,11.7251555191507,0.353444480849305,,,,,,,,,,,,63.8,100,0,0,,FALSE,"Direct measurement"
"Microsoft","Xbox One Model 1708","Microsoft - Xbox One Model 1708",,"Microsoft Xbox One Wireless Adapter","Wireless","Bluetooth","YES","B",6.051,2.387,17.588,1.912,"Controller","4.0",152,"10/13/2020",111,"Microsoft - Xbox One Model 1708","microsoft xbox one model 1708","",,,,FALSE,10.7290340310971,1.37216596890289,,,,,,,,,,,,63.7,100,0,0,,FALSE,"Direct measurement"
"8BitDo","SN30 Pro+","8BitDo - SN30 Pro+",,"Wired USB","Wired","-","NO","B",6.056,2.883,13.056,0.608,"Controller","4.0",61,"05/26/2020",112,"8BitDo - SN30 Pro+","8bitdo sn30 pro","",,,,FALSE,11.706976167429,0.405823832571025,,,,,,,,,,,,63.7,100,0,0,,FALSE,"Direct measurement"
"Microsoft","Xbox Wireless Controller","Microsoft - Xbox Wireless Controller",,"Microsoft Xbox USB Adapter","Wireless","2.4 GHz","YES","B",6.093,2.346,23.49,1.96,"Controller","4.0",155,"08/08/2021",113,"Microsoft - Xbox Wireless Controller","microsoft xbox wireless controller","",,,,FALSE,10.6917341305334,1.49399430946664,,,,,,,,,,,,63.4,100,0,0,,FALSE,"Direct measurement"
"8BitDo","Pro 2","8BitDo - Pro 2 [Android]",,"Wired USB","Wired","-","YES","B",6.103,2.902,12.98,0.764,"Controller","4.0",40,"04/23/2021",114,"8BitDo - Pro 2 [Android]","8bitdo pro 2 android","",,,,FALSE,11.7911154831352,0.415484516864765,,,,,,,,,,,,63.4,100,0,0,,FALSE,"Direct measurement"
"Retro-Bit","6 Button USB","Retro-Bit - 6 Button USB",,"Wired USB","Wired","-","NO","B",6.114,2.867,11.676,0.828,"Controller","6.0",193,"08/14/2020",115,"Retro-Bit - 6 Button USB","retro bit 6 button usb","",,,,FALSE,11.7336167436763,0.495183256323666,,,,,,,,,,,,63.3,100,0,0,,FALSE,"Direct measurement"
"Microsoft","Xbox Elite Series 2","Microsoft - Xbox Elite Series 2",,"Wired USB","Wired","-","YES","B",6.147,2.336,10.452,1.532,"Controller","4.0",149,"08/14/2020",116,"Microsoft - Xbox Elite Series 2","microsoft xbox elite series 2","",,,,FALSE,10.7258758678856,1.56892413211443,,,,,,,,,,,,63.1,100,0,0,,FALSE,"Direct measurement"
"8BitDo","Pro 2","8BitDo - Pro 2 [DInput]",,"Wired USB","Wired","-","YES","B",6.152,2.897,11.54,0.652,"Controller","4.0",43,"04/23/2021",117,"8BitDo - Pro 2 [DInput]","8bitdo pro 2 dinput","",,,,FALSE,11.8304156632125,0.474384336787465,,,,,,,,,,,,63.1,100,0,0,,FALSE,"Direct measurement"
"8BitDo","G Bros","8BitDo - G Bros",,"Nintendo Wii Classic Controller","Wired","-","YES","B",6.268,2.915,11.7,0.86,"Controller Adapter","-",6,"08/08/2021",118,"8BitDo - G Bros","8bitdo g bros","",,,,FALSE,11.9817583255842,0.554912520415752,,,,,,,,,,,,62.4,100,0,0,,FALSE,"Direct measurement"
"Nintendo","Wii Classic","Nintendo - Wii Classic",,"8BitDo GBros","Wired","Wired","YES","B",6.268,2.915,11.7,0.86,"Controller","4.0",168,"08/08/2021",119,"Nintendo - Wii Classic","nintendo wii classic","",,,,FALSE,11.9817583255842,0.554912520415752,,,,,,,,,,,,62.4,100,0,0,,FALSE,"Direct measurement"
"8BitDo","N30 Arcade Stick","8BitDo - N30 Arcade Stick [Windows (X+Start)]",,"BT (CSR8510)","Wireless","Bluetooth","NO","B",6.305,1.129,17.88,4.144,"Joystick","8.0",18,"06/29/2020",120,"8BitDo - N30 Arcade Stick [Windows (X+Start)]","8bitdo n30 arcade stick windows x start","",,,,FALSE,8.51799933854572,4.09240066145428,,,,,,,,,,,,62.2,100,0,0,,FALSE,"Direct measurement"
"Elecom","Wii Classic Gamepad Converter","Elecom - Wii Classic Gamepad Converter",,"Wii Classic Controller","Wired","-","NO","B",6.307,3.015,11.78,0.732,"Controller Adapter","-",95,"07/20/2020",121,"Elecom - Wii Classic Gamepad Converter","elecom wii classic gamepad converter","",,,,FALSE,12.2165914133883,0.398008586611738,,,,,,,,,,,,62.2,100,0,0,,FALSE,"Direct measurement"
"RetroFighters","brawlerGEN USB","RetroFighters - brawlerGEN USB",,"Wired USB","Wired","-","NO","B",6.315,2.893,11.688,0.776,"Controller","6.0",215,"06/12/2020",122,"RetroFighters - brawlerGEN USB","retrofighters brawlergen usb","",,,,FALSE,11.9849758072744,0.644624192725625,,,,,,,,,,,,62.1,100,0,0,,FALSE,"Direct measurement"
"Sony","DualSense","Sony - DualSense",,"BT (CSR8510)","Wireless","Bluetooth","YES","B",6.322,1.406,18.4,3.5,"Controller","4.0",228,"08/08/2021",123,"Sony - DualSense","sony dualsense","",,,,FALSE,9.07864109165843,3.56623792034157,,,,,,,,,,,,62.1,100,0,0,,FALSE,"Direct measurement"
"Sony","DualShock 4 (Rev2)","Sony - DualShock 4 (Rev2)",,"BT (CSR8510)","Wireless","Bluetooth","YES","B",6.495,1.795,19.264,2.456,"Controller","4.0",232,"05/25/2020",124,"Sony - DualShock 4 (Rev2)","sony dualshock 4 rev2","",,,,FALSE,10.0132353522494,2.9769646477506,,,,,,,,,,,,61,100,0,0,,FALSE,"Direct measurement"
"PowerA","Wired Controller for PS3","PowerA - Wired Controller for PS3",,"Wired USB","Wired","-","YES","B",6.784,2.32,11.18,2.36,"Controller","4.0",181,"06/29/2020",125,"PowerA - Wired Controller for PS3","powera wired controller for ps3","",,,,FALSE,11.3308164441329,2.23658355586708,,,,,,,,,,,,59.3,100,0,0,,FALSE,"Direct measurement"
"Mayflash","Megadrive Controller Adapter PC USB","Mayflash - Megadrive Controller Adapter PC USB [D-Input]",,"Wired USB","Wired","-","NO","B",6.873,2.862,12.272,1.304,"Controller Adapter","-",141,"07/20/2020",126,"Mayflash - Megadrive Controller Adapter PC USB [D-Input]","mayflash megadrive controller adapter pc usb d input","",,,,FALSE,12.4825169237536,1.26368307624637,,,,,,,,,,,,58.8,100,0,0,,FALSE,"Direct measurement"
"PowerA","Wired Controller for Switch","PowerA - Wired Controller for Switch",,"Wired USB","Wired","-","YES","B",6.881,2.324,11.272,2.408,"Controller","4.0",182,"06/30/2020",127,"PowerA - Wired Controller for Switch","powera wired controller for switch","",,,,FALSE,11.4360563000711,2.32614369992892,,,,,,,,,,,,58.7,100,0,0,,FALSE,"Direct measurement"
"8BitDo","Arcade Stick for Switch and Windows","8BitDo - Arcade Stick for Switch and Windows",,"BT (CSR8510)","Wireless","Bluetooth","YES","B",7.363,2.017,18.8,2.284,"Joystick","8.0",3,"11/27/2020",129,"8BitDo - Arcade Stick for Switch and Windows","8bitdo arcade stick for switch and windows","",,,,FALSE,11.3159473568173,3.40945264318271,,,,,,,,,,,,55.8,100,0,0,,FALSE,"Direct measurement"
"YoK","Playstation Classic Wireless Controller","YoK - Playstation Classic Wireless Controller",,"Wireless USB Dongle","Wireless","Bluetooth","YES","B",7.42,2.374,18.684,2.988,"Controller","4.0",247,"08/14/2020",130,"YoK - Playstation Classic Wireless Controller","yok playstation classic wireless controller","",,,,FALSE,12.0732544992981,2.76734550070191,,,,,,,,,,,,55.5,100,0,0,,FALSE,"Direct measurement"
"8BitDo","PCE 2.4G Wireless Gamepad","8BitDo - PCE 2.4G Wireless Gamepad",,"8BitDo 2.4G USB Dongle","Wireless","2.4 GHz","YES","B",7.424,3.147,23.196,0.436,"Controller","2.0",38,"05/30/2020",131,"8BitDo - PCE 2.4G Wireless Gamepad","8bitdo pce 2 4g wireless gamepad","",,,,FALSE,13.5916066593475,1.25559334065245,,,,,,,,,,,,55.5,99.8,0.2,0,,FALSE,"Direct measurement"
"Mayflash","SS Controller Adapter","Mayflash - SS Controller Adapter [D-Input]",,"Japanese Sega Saturn Controller 171-68308","Wired","-","NO","B",7.998,1.247,10.576,5.52,"Controller Adapter","-",143,"05/26/2020",133,"Mayflash - SS Controller Adapter [D-Input]","mayflash ss controller adapter d input","",,,,FALSE,10.4422750887214,5.55412491127855,,,,,,,,,,,,52,100,0,0,,FALSE,"Direct measurement"
"Mayflash","SS Controller Adapter","Mayflash - SS Controller Adapter [X-Input]",,"Japanese Sega Saturn Controller 171-68308","Wired","-","NO","B",8.001,1.248,10.56,5.56,"Controller Adapter","-",144,"05/26/2020",134,"Mayflash - SS Controller Adapter [X-Input]","mayflash ss controller adapter x input","",,,,FALSE,10.447335052706,5.55526494729401,,,,,,,,,,,,52,100,0,0,,FALSE,"Direct measurement"
"Retro-Bit","Tribute 64 USB Controller","Retro-Bit - Tribute 64 USB Controller",,"Wired USB","Wired","-","NO","B",8.593,2.855,13.956,3.132,"Controller","6.0",212,"06/30/2020",135,"Retro-Bit - Tribute 64 USB Controller","retro bit tribute 64 usb controller","",,,,FALSE,14.1882971758619,2.99690282413815,,,,,,,,,,,,48.5,99.8,0.2,0,,FALSE,"Direct measurement"
"8BitDo","SN30 2.4G SNES Classic (Model 81AA)","8BitDo - SN30 2.4G SNES Classic (Model 81AA)",,"2.4 GHz Raphnet","Wireless","2.4 GHz","YES","B",8.599,3.035,31.272,2.676,"Controller","4.0",58,"06/29/2020",136,"8BitDo - SN30 2.4G SNES Classic (Model 81AA)","8bitdo sn30 2 4g snes classic model 81aa","",,,,FALSE,14.5476906930791,2.65070930692094,,,,,,,,,,,,48.4,99.6,0.4,0,,FALSE,"Direct measurement"
"Retro-Bit","NES to USB","Retro-Bit - NES to USB",,"USB Wired","Wired","-","NO","B",9.052,4.732,17.564,0.264,"Controller Adapter","-",200,"05/25/2020",138,"Retro-Bit - NES to USB","retro bit nes to usb","",,,,FALSE,18.3260495748435,0,,,,,,,,,,,,46.3,94.6,5.4,0,,FALSE,"Direct measurement"
"Generic","2 Port Genesis to USB (Cable Style with 2 Blue Ports)","Generic - 2 Port Genesis to USB (Cable Style with 2 Blue Ports)",,"Wired USB","Wired","-","NO","B",9.091,4.802,17.62,0.616,"Controller Adapter","-",102,"05/30/2020",139,"Generic - 2 Port Genesis to USB (Cable Style with 2 Blue Ports)","generic 2 port genesis to usb cable style with 2 blue ports","",,,,FALSE,18.5023470537613,0,,,,,,,,,,,,46.2,94.3,5.7,0,,FALSE,"Direct measurement"
"Sony","DualShock 3","Sony - DualShock 3",,"Wired USB","Wired","-","YES","B",9.266,2.866,14.688,3.764,"Controller","4.0",229,"05/25/2020",140,"Sony - DualShock 3","sony dualshock 3","",,,,FALSE,14.8835567796918,3.64904322030821,,,,,,,,,,,,44.4,99.5,0.5,0,,FALSE,"Direct measurement"
"Logitech","F710 Wireless Gamepad","Logitech - F710 Wireless Gamepad [D-Input]",,"Wireless USB Adapter","Wireless","2.4 GHz","YES","B",9.546,1.184,14.788,7.084,"Controller","4.0",130,"08/14/2020",141,"Logitech - F710 Wireless Gamepad [D-Input]","logitech f710 wireless gamepad d input","",,,,FALSE,11.8663973576954,7.22520264230458,,,,,,,,,,,,42.7,100,0,0,,FALSE,"Direct measurement"
"8BitDo","N30 2.4G NES Classic (Model 81BA)","8BitDo - N30 2.4G NES Classic (Model 81BA)",,"Raphnet","Wireless","2.4 GHz","YES","B",9.731,4.74,42.052,3.048,"Controller","2.0",14,"06/29/2020",142,"8BitDo - N30 2.4G NES Classic (Model 81BA)","8bitdo n30 2 4g nes classic model 81ba","",,,,FALSE,19.0214292867199,0.440970713280144,,,,,,,,,,,,42.5,92.8,7.2,0,,FALSE,"Direct measurement"
"8BitDo","NES30","8BitDo - NES30 [MacOS (A+Start)]",,"BT (CSR8510)","Wireless","Bluetooth","NO","B",9.761,3.497,31.96,3.328,"Controller","4.0",33,"05/27/2020",143,"8BitDo - NES30 [MacOS (A+Start)]","8bitdo nes30 macos a start","",,,,FALSE,16.6151940539366,2.90720594606343,,,,,,,,,,,,41.6,97.6,2.4,0,,FALSE,"Direct measurement"
"Logitech","F710 Wireless Gamepad","Logitech - F710 Wireless Gamepad [X-Input]",,"Wireless USB Adapter","Wireless","2.4 GHz","YES","B",9.761,1.171,14.888,7.372,"Controller","4.0",131,"08/14/2020",144,"Logitech - F710 Wireless Gamepad [X-Input]","logitech f710 wireless gamepad x input","",,,,FALSE,12.0565178258964,7.4662821741036,,,,,,,,,,,,41.4,100,0,0,,FALSE,"Direct measurement"
"8BitDo","SN30 (Model 80BA)","8BitDo - SN30 (Model 80BA) [MacOS (A+Start)]",,"BT (CSR8510)","Wireless","Bluetooth","NO","B",9.824,3.515,30.368,3.452,"Controller","4.0",54,"05/27/2020",145,"8BitDo - SN30 (Model 80BA) [MacOS (A+Start)]","8bitdo sn30 model 80ba macos a start","",,,,FALSE,16.7135734056583,2.93502659434171,,,,,,,,,,,,41.3,97.4,2.6,0,,FALSE,"Direct measurement"
"Microsoft","Xbox 360","Microsoft - Xbox 360",,"Generic Receiver ""HDE""","Wireless","2.4 GHz","YES","C",10.174,1.927,22.352,6.124,"Controller","4.0",148,"05/25/2020",146,"Microsoft - Xbox 360","microsoft xbox 360","",,,,FALSE,13.9507505982087,6.39704940179132,,,,,,,,,,,,39,100,0,0,,FALSE,"Direct measurement"
"Microsoft","Xbox Elite Series 2","Microsoft - Xbox Elite Series 2",,"BT (CSR8510)","Wireless","Bluetooth","YES","C",10.249,3.079,25.008,3.66,"Controller","4.0",150,"08/14/2020",147,"Microsoft - Xbox Elite Series 2","microsoft xbox elite series 2","",,,,FALSE,16.2839291083988,4.21447089160117,,,,,,,,,,,,38.6,98.1,1.9,0,,FALSE,"Direct measurement"
"Mayflash","Arcade Stick F500 V2","Mayflash - Arcade Stick F500 V2 [X-Input]",,"Wired USB","Wired","-","YES","C",10.267,1.424,12.908,7.472,"Joystick","8.0",140,"06/07/2020",148,"Mayflash - Arcade Stick F500 V2 [X-Input]","mayflash arcade stick f500 v2 x input","",,,,FALSE,13.057788713985,7.47581128601496,,,,,,,,,,,,38.4,100,0,0,,FALSE,"Direct measurement"
"Nintendo","Wii Remote","Nintendo - Wii Remote",,"BT (CSR8510)","Wireless","Bluetooth","YES","C",10.287,3.549,21.952,1.952,"Controller","2.0",170,"05/25/2020",149,"Nintendo - Wii Remote","nintendo wii remote","",,,,FALSE,17.2427121811326,3.33088781886735,,,,,,,,,,,,38.6,96.4,3.6,0,,FALSE,"Direct measurement"
"8BitDo","SNES Conversion PCB","8BitDo - SNES Conversion PCB [MacOS (A+Start)]",,"BT (CSR8510)","Wireless","Bluetooth","NO","C",10.481,3.045,23.508,3.616,"Controller","4.0",72,"05/26/2020",150,"8BitDo - SNES Conversion PCB [MacOS (A+Start)]","8bitdo snes conversion pcb macos a start","",,,,FALSE,16.4489903329245,4.51280966707554,,,,,,,,,,,,37.3,97.9,2.1,0,,FALSE,"Direct measurement"
"Mayflash","Arcade Stick F500 V2","Mayflash - Arcade Stick F500 V2 [PC]",,"Wired USB","Wired","-","YES","C",10.532,1.427,13.12,7.708,"Joystick","8.0",139,"06/07/2020",151,"Mayflash - Arcade Stick F500 V2 [PC]","mayflash arcade stick f500 v2 pc","",,,,FALSE,13.3285686059387,7.73483139406134,,,,,,,,,,,,36.8,100,0,0,,FALSE,"Direct measurement"
"8BitDo","SN30 (Model 80BA)","8BitDo - SN30 (Model 80BA)",,"8Bitdo Wireless Bluetooth (X-Input / Select + Up)","Wireless","Bluetooth","NO","C",10.586,2.976,23.836,4.184,"Controller","4.0",50,"06/06/2020",153,"8BitDo - SN30 (Model 80BA)","8bitdo sn30 model 80ba","",,,,FALSE,16.4190528179912,4.7533471820088,,,,,,,,,,,,36.6,97.9,2.1,0,,FALSE,"Direct measurement"
"8BitDo","SN30 (Model 80BA)","8BitDo - SN30 (Model 80BA)",,"8Bitdo Wireless Bluetooth (D-Input / Select + Left)","Wireless","Bluetooth","NO","C",10.607,2.974,20.56,4.512,"Controller","4.0",51,"06/06/2020",154,"8BitDo - SN30 (Model 80BA)","8bitdo sn30 model 80ba","",,,,FALSE,16.4354328900221,4.77756710997788,,,,,,,,,,,,36.5,97.9,2.1,0,,FALSE,"Direct measurement"
"8BitDo","M30 (Genesis Mini & Switch)","8BitDo - M30 (Genesis Mini & Switch)",,"2.4 GHz USB","Wireless","2.4 GHz","YES","C",10.8,4.148,20.08,2.96,"Controller","6.0",13,"05/25/2020",160,"8BitDo - M30 (Genesis Mini & Switch)","8bitdo m30 genesis mini and switch","",,,,TRUE,18.9297566308818,2.67024336911817,,,,,,,,,,,,36.1,92.1,7.9,0,,FALSE,"Direct measurement"
"8BitDo","Arcade Stick for Switch and Windows","8BitDo - Arcade Stick for Switch and Windows",,"Wired USB","Wired","-","YES","C",10.863,4.357,21.244,0.788,"Joystick","8.0",4,"11/27/2020",161,"8BitDo - Arcade Stick for Switch and Windows","8bitdo arcade stick for switch and windows","",,,,FALSE,19.402063080641,2.32293691935899,,,,,,,,,,,,35.9,90.9,9.1,0,,FALSE,"Direct measurement"
"8BitDo","SN30 2.4G SNES (Model 81AD)","8BitDo - SN30 2.4G SNES (Model 81AD)",,"2.4 GHz SNES (DaemonBite)","Wireless","2.4 GHz","NO","C",10.918,3.147,19.112,4.832,"Controller","4.0",57,"07/20/2020",162,"8BitDo - SN30 2.4G SNES (Model 81AD)","8bitdo sn30 2 4g snes model 81ad","",,,,FALSE,17.0858066593475,4.74979334065245,,,,,,,,,,,,34.7,96.6,3.4,0,,FALSE,"Direct measurement"
"8BitDo","M30 (Bluetooth)","8BitDo - M30 (Bluetooth)",,"BT (CSR8510)","Wireless","Bluetooth","YES","C",11.02,3.47,16.21,4.28,"Controller","6.0",9,"05/25/2020",163,"8BitDo - M30 (Bluetooth)","8bitdo m30 bluetooth","",,,,TRUE,17.8204373657334,4.21956263426665,,,,,,,,,,,,34.3,94.8,5.2,0,,FALSE,"Direct measurement"
"8BitDo","Arcade Stick for Switch and Windows","8BitDo - Arcade Stick for Switch and Windows",,"2.4 GHz","Wireless","2.4 GHz","YES","C",11.102,2.863,16.512,5.788,"Joystick","8.0",5,"11/27/2020",164,"8BitDo - Arcade Stick for Switch and Windows","8bitdo arcade stick for switch and windows","",,,,FALSE,16.7136768877382,5.49092311226183,,,,,,,,,,,,33.6,97.4,2.6,0,,FALSE,"Direct measurement"
"iNNEXT","SNES Retro USB","iNNEXT - SNES Retro USB",,"Wired USB","Wired","-","NO","C",11.45,6.274,22.71,0.24,"Controller","4.0",125,"05/25/2020",165,"iNNEXT - SNES Retro USB","innext snes retro usb","",,,,FALSE,23.7468140390043,0,,,,,,,,,,,,35.6,79.7,20.3,0,,FALSE,"Direct measurement"
"Unbranded","NES USB","Unbranded - NES USB",,"Wired USB","Wired","-","NO","C",11.491,6.262,22.916,0.312,"Controller","2.0",243,"06/12/2020",166,"Unbranded - NES USB","unbranded nes usb","",,,,FALSE,23.7641944711898,0,,,,,,,,,,,,35.4,79.6,20.4,0,,FALSE,"Direct measurement"
"Vilrose","Retro Gaming Genesis Controller","Vilrose - Retro Gaming Genesis Controller",,"Wired USB","Wired","-","NO","C",11.547,6.273,22.848,0.292,"Controller","6.0",244,"07/07/2020",167,"Vilrose - Retro Gaming Genesis Controller","vilrose retro gaming genesis controller","",,,,FALSE,23.8423540750198,0,,,,,,,,,,,,35.1,79.3,20.7,0,,FALSE,"Direct measurement"
"Retro-Link","Saturn Classic","Retro-Link - Saturn Classic",,"Wired USB","Wired","-","NO","C",11.59,6.085,22.68,0.52,"Controller","6.0",214,"05/25/2020",168,"Retro-Link - Saturn Classic","retro link saturn classic","",,,,TRUE,23.5160377453253,0,,,,,,,,,,,,34.6,79.8,20.2,0,,FALSE,"Direct measurement"
"Vilrose","Retro Gaming Weighted SNES Controller","Vilrose - Retro Gaming Weighted SNES Controller",,"Wired USB","Wired","-","NO","C",11.597,6.268,22.876,0.268,"Controller","4.0",245,"07/07/2020",169,"Vilrose - Retro Gaming Weighted SNES Controller","vilrose retro gaming weighted snes controller","",,,,FALSE,23.8818542550971,0,,,,,,,,,,,,34.9,79.1,20.9,0,,FALSE,"Direct measurement"
"Sony","DualShock 3","Sony - DualShock 3",,"BT (CSR8510)","Wireless","Bluetooth","YES","C",11.646,3.407,26.94,4.52,"Controller","4.0",230,"05/25/2020",170,"Sony - DualShock 3","sony dualshock 3","",,,,FALSE,18.323497295328,4.96830270467204,,,,,,,,,,,,30.8,93,7,0,,FALSE,"Direct measurement"
"Gravis","GamePad Pro","Gravis - GamePad Pro",,"Wired USB","Wired","-","NO","C",11.813,5.854,22.44,1.28,"Controller","4.0",103,"08/08/2021",171,"Gravis - GamePad Pro","gravis gamepad pro","",,,,FALSE,23.2871701838379,0.33901287616213,,,,,,,,,,,,33.1,79.6,20.3,0.1,,FALSE,"Direct measurement"
"Retro-Bit","Saturn Bluetooth","Retro-Bit - Saturn Bluetooth [Switch (Y+Home)]",,"BT (BCM20702A0)","Wireless","Bluetooth","YES","C",13.65,3.801,48.772,5.64,"Controller","6.0",209,"09/27/2020",172,"Retro-Bit - Saturn Bluetooth [Switch (Y+Home)]","retro bit saturn bluetooth switch y home","",,,,FALSE,21.0994231052367,6.19977689476326,,,,,,,,,,,,20.9,78.6,21.4,0,,FALSE,"Direct measurement"
"Nintendo","Switch Pro","Nintendo - Switch Pro",,"BT (CSR8510)","Wireless","Bluetooth","YES","C",13.939,4.543,36.676,5.168,"Controller","4.0",162,"05/25/2020",173,"Nintendo - Switch Pro","nintendo switch pro","",,,,FALSE,22.8434163817655,5.03518361823454,,,,,,,,,,,,21,72.6,27.4,0,,FALSE,"Direct measurement"
"Mayflash","Arcade Stick F300 Rev 1.3","Mayflash - Arcade Stick F300 Rev 1.3 [PC]",,"Wired USB","Wired","-","YES","C",14.349,0.987,17.172,12.284,"Joystick","8.0",136,"06/07/2020",174,"Mayflash - Arcade Stick F300 Rev 1.3 [PC]","mayflash arcade stick f300 rev 1 3 pc","",,,,FALSE,16.283384452741,12.414415547259,,,,,,,,,,,,13.9,99.1,0.9,0,,FALSE,"Direct measurement"
"8BitDo","SN30 Pro+","8BitDo - SN30 Pro+ [MacOS (A+Start)]",,"BT (CSR8510)","Wireless","Bluetooth","YES","C",14.365,6.572,43.348,2.496,"Controller","4.0",68,"06/10/2020",175,"8BitDo - SN30 Pro+ [MacOS (A+Start)]","8bitdo sn30 pro macos a start","",,,,FALSE,27.2454833063972,1.48371669360277,,,,,,,,,,,,23.6,63.7,36.1,0.2,,FALSE,"Direct measurement"
"Mayflash","Arcade Stick F300 Rev 1.3","Mayflash - Arcade Stick F300 Rev 1.3 [X-Input]",,"Wired USB","Wired","-","YES","C",14.399,1.002,17.096,12.4,"Joystick","8.0",137,"06/07/2020",176,"Mayflash - Arcade Stick F300 Rev 1.3 [X-Input]","mayflash arcade stick f300 rev 1 3 x input","",,,,FALSE,16.3631839125091,12.4354160874909,,,,,,,,,,,,13.6,98.8,1.2,0,,FALSE,"Direct measurement"
"Mayflash","Arcade Stick F300 Rev 1.3","Mayflash - Arcade Stick F300 Rev 1.3 [D-Input]",,"Wired USB","Wired","-","YES","C",14.405,1.003,17.176,12.356,"Joystick","8.0",135,"06/07/2020",177,"Mayflash - Arcade Stick F300 Rev 1.3 [D-Input]","mayflash arcade stick f300 rev 1 3 d input","",,,,FALSE,16.3703438764937,12.4386561235063,,,,,,,,,,,,13.6,98.8,1.2,0,,FALSE,"Direct measurement"
"Ortz Gaming","SNES Wireless Turbo Classic Edition","Ortz Gaming - SNES Wireless Turbo Classic Edition",,"Wiimote / Classic Controller Wireless Adapter","Wireless","2.4 GHz","NO","C",14.422,3.737,49.044,7.748,"Controller","4.0",175,"05/30/2020",178,"Ortz Gaming - SNES Wireless Turbo Classic Edition","ortz gaming snes wireless turbo classic edition","",,,,FALSE,21.7459854102262,7.09721458977382,,,,,,,,,,,,17.2,72.6,27.4,0,,FALSE,"Direct measurement"
"8BitDo","NES30","8BitDo - NES30 [Switch (Y+Start)]",,"BT (CSR8510)","Wireless","Bluetooth","NO","C",14.885,6.177,44.584,3.412,"Controller","4.0",34,"05/27/2020",179,"8BitDo - NES30 [Switch (Y+Start)]","8bitdo nes30 switch y start","",,,,FALSE,26.9918975325039,2.77850246749609,,,,,,,,,,,,20.7,61.3,38.5,0.2,,FALSE,"Direct measurement"
"8BitDo","N30 Arcade Stick","8BitDo - N30 Arcade Stick [MacOS (A+Start)]",,"BT (CSR8510)","Wireless","Bluetooth","NO","D",15.143,6.213,44.848,3.664,"Joystick","8.0",16,"06/29/2020",180,"8BitDo - N30 Arcade Stick [MacOS (A+Start)]","8bitdo n30 arcade stick macos a start","",,,,FALSE,27.3202562359474,2.96574376405265,,,,,,,,,,,,19.9,59.7,40.1,0.2,,FALSE,"Direct measurement"
"8BitDo","NES30","8BitDo - NES30 [Android (B+Start)]",,"BT (CSR8510)","Wireless","Bluetooth","NO","D",15.215,6.228,43.212,3.308,"Controller","4.0",32,"05/27/2020",181,"8BitDo - NES30 [Android (B+Start)]","8bitdo nes30 android b start","",,,,FALSE,27.4215556957155,3.00824430428455,,,,,,,,,,,,19.7,59.2,40.6,0.2,,FALSE,"Direct measurement"
"8BitDo","SN30 (Model 80BA)","8BitDo - SN30 (Model 80BA) [Android (B+Start)]",,"BT (CSR8510)","Wireless","Bluetooth","NO","D",15.22,6.531,48.976,3.448,"Controller","4.0",53,"05/27/2020",182,"8BitDo - SN30 (Model 80BA) [Android (B+Start)]","8bitdo sn30 model 80ba android b start","",,,,FALSE,28.0206247830311,2.41957521696891,,,,,,,,,,,,20.4,58.8,41,0.2,,FALSE,"Direct measurement"
"Nintendo","SNES Switch","Nintendo - SNES Switch",,"BT (CSR8510)","Wireless","Bluetooth","NO","D",15.629,4.601,47.272,6.46,"Controller","4.0",157,"05/25/2020",183,"Nintendo - SNES Switch","nintendo snes switch","",,,,FALSE,24.6466942928688,6.61110570713121,,,,,,,,,,,,14.4,58.9,41.1,0,,FALSE,"Direct measurement"
"Microsoft","Xbox One Model 1708","Microsoft - Xbox One Model 1708",,"BT (CSR8510)","Wireless","Bluetooth","YES","D",15.686,2.645,34.28,4.584,"Controller","4.0",153,"05/25/2020",184,"Microsoft - Xbox One Model 1708","microsoft xbox one model 1708","",,,,FALSE,20.8703047391084,10.5020952608916,,,,,,,,,,,,9.7,64.5,35.5,0,,FALSE,"Direct measurement"
"8BitDo","N30 Arcade Stick","8BitDo - N30 Arcade Stick [Switch (Y+Start)]",,"BT (CSR8510)","Wireless","Bluetooth","NO","D",15.767,6.328,45.128,4.072,"Joystick","8.0",17,"06/29/2020",185,"8BitDo - N30 Arcade Stick [Switch (Y+Start)]","8bitdo n30 arcade stick switch y start","",,,,FALSE,28.1692520941695,3.36394790583054,,,,,,,,,,,,18,55.7,44.1,0.2,,FALSE,"Direct measurement"
"8BitDo","NES30","8BitDo - NES30 [Windows (X+Start)]",,"BT (CSR8510)","Wireless","Bluetooth","NO","D",15.811,6.221,44.528,4.008,"Controller","4.0",35,"05/27/2020",186,"8BitDo - NES30 [Windows (X+Start)]","8bitdo nes30 windows x start","",,,,FALSE,28.0042359478237,3.61836405217633,,,,,,,,,,,,17.6,55.5,44.3,0.2,,FALSE,"Direct measurement"
"8BitDo","SN30 (Model 80BA)","8BitDo - SN30 (Model 80BA) [Windows (X+Start)]",,"BT (CSR8510)","Wireless","Bluetooth","NO","D",15.811,6.221,44.528,4.008,"Controller","4.0",55,"05/27/2020",187,"8BitDo - SN30 (Model 80BA) [Windows (X+Start)]","8bitdo sn30 model 80ba windows x start","",,,,FALSE,28.0042359478237,3.61836405217633,,,,,,,,,,,,17.6,55.5,44.3,0.2,,FALSE,"Direct measurement"
"8BitDo","SN30 Pro+","8BitDo - SN30 Pro+ [Switch (Y+Start)]",,"BT (CSR8510)","Wireless","Bluetooth","YES","D",15.918,6.987,61.416,2.748,"Controller","4.0",69,"06/10/2020",188,"8BitDo - SN30 Pro+ [Switch (Y+Start)]","8bitdo sn30 pro switch y start","",,,,FALSE,29.6118683599814,2.22333164001865,,,,,,,,,,,,19.1,54.3,45.1,0.6,,FALSE,"Direct measurement"
"Retro-Bit","Genesis 2.4 GHz","Retro-Bit - Genesis 2.4 GHz [D-Input]",,"Wireless USB Dongle","Wireless","Bluetooth","YES","D",16.604,4.702,30.168,6.488,"Controller","6.0",194,"05/25/2020",189,"Retro-Bit - Genesis 2.4 GHz [D-Input]","retro bit genesis 2 4 ghz d input","",,,,FALSE,25.8193506553073,7.38784934469267,,,,,,,,,,,,11.4,50.5,49.4,0.1,,FALSE,"Direct measurement"
"Retro-Bit","Saturn 2.4 GHz","Retro-Bit - Saturn 2.4 GHz",,"Wireless USB Dongle","Wireless","Bluetooth","YES","D",16.62,4.814,28.532,6.384,"Controller","6.0",201,"05/25/2020",190,"Retro-Bit - Saturn 2.4 GHz","retro bit saturn 2 4 ghz","",,,,FALSE,26.0549666215758,7.18443337842418,,,,,,,,,,,,11.7,50.4,49.6,0,,FALSE,"Direct measurement"
"Retro-Bit","Saturn 2.4 GHz","Retro-Bit - Saturn 2.4 GHz [D-Input]",,"Wireless USB Dongle","Wireless","Bluetooth","YES","D",16.677,4.798,29.056,6.156,"Controller","6.0",202,"05/25/2020",191,"Retro-Bit - Saturn 2.4 GHz [D-Input]","retro bit saturn 2 4 ghz d input","",,,,FALSE,26.0804071978232,7.27259280217682,,,,,,,,,,,,11.5,49.9,50.1,0,,FALSE,"Direct measurement"
"Retro-Bit","Saturn 2.4 GHz","Retro-Bit - Saturn 2.4 GHz [X-Input]",,"Wireless USB Dongle","Wireless","Bluetooth","YES","D",16.822,4.979,59.524,6.396,"Controller","6.0",203,"05/25/2020",192,"Retro-Bit - Saturn 2.4 GHz [X-Input]","retro bit saturn 2 4 ghz x input","",,,,FALSE,26.5810606790249,7.06373932097507,,,,,,,,,,,,11.5,48.8,51.2,0,,FALSE,"Direct measurement"
"Retro-Bit","Genesis 2.4 GHz","Retro-Bit - Genesis 2.4 GHz [X-Input]",,"Wireless USB Dongle","Wireless","Bluetooth","YES","D",17.008,5.551,63.828,6.188,"Controller","6.0",196,"05/25/2020",193,"Retro-Bit - Genesis 2.4 GHz [X-Input]","retro bit genesis 2 4 ghz x input","",,,,FALSE,27.8877600781818,6.12823992181816,,,,,,,,,,,,12.3,47.5,52.3,0.2,,FALSE,"Direct measurement"
"Retro-Bit","Saturn Bluetooth","Retro-Bit - Saturn Bluetooth [Android (A+Home)]",,"BT (BCM20702A0)","Wireless","Bluetooth","YES","D",17.985,6.298,48.868,3.812,"Controller","6.0",205,"09/27/2020",194,"Retro-Bit - Saturn Bluetooth [Android (A+Home)]","retro bit saturn bluetooth android a home","",,,,FALSE,30.3290531746333,5.64134682536674,,,,,,,,,,,,11.4,41.7,57.6,0.7,,FALSE,"Direct measurement"
"8BitDo","Pro 2","8BitDo - Pro 2 [XInput]",,"BT (CSR8510)","Wireless","Bluetooth","YES","D",18.119,6.282,36.24,3.58,"Controller","4.0",47,"04/23/2021",195,"8BitDo - Pro 2 [XInput]","8bitdo pro 2 xinput","",,,,FALSE,30.4312937508806,5.80630624911938,,,,,,,,,,,,11.1,40.9,58.4,0.7,,FALSE,"Direct measurement"
"Retro-Bit","Saturn Bluetooth","Retro-Bit - Saturn Bluetooth [MacOS (X+Home)]",,"BT (BCM20702A0)","Wireless","Bluetooth","YES","D",18.347,6.668,68.3,4.656,"Controller","6.0",208,"09/27/2020",196,"Retro-Bit - Saturn Bluetooth [MacOS (X+Home)]","retro bit saturn bluetooth macos x home","",,,,FALSE,31.4163398489131,5.27826015108692,,,,,,,,,,,,11.4,40.1,58.7,1.2,,FALSE,"Direct measurement"
"Nintendo","Switch Pro","Nintendo - Switch Pro",,,"Wired","-","YES","D",18.355,5.104,39.724,5.132,"Controller","4.0",163,"09/12/2020",197,"Nintendo - Switch Pro","nintendo switch pro","",,,,FALSE,28.3586561770924,8.35134382290757,,,,,,,,,,,,7.8,37,62.8,0.2,,FALSE,"Direct measurement"
"8BitDo","Pro 2","8BitDo - Pro 2 [DInput]",,"BT (CSR8510)","Wireless","Bluetooth","YES","D",18.389,6.284,32.908,4.024,"Controller","4.0",44,"04/23/2021",198,"8BitDo - Pro 2 [DInput]","8bitdo pro 2 dinput","",,,,FALSE,30.7056136788497,6.0727863211503,,,,,,,,,,,,10.4,39.2,59.9,0.9,,FALSE,"Direct measurement"
"Nintendo","SNES Switch","Nintendo - SNES Switch",,"8Bitdo Wireless Bluetooth (X-Input / Select + Up)","Wireless","Bluetooth","NO","D",18.597,4.497,47.068,7.152,"Controller","4.0",158,"06/06/2020",199,"Nintendo - SNES Switch","nintendo snes switch","",,,,FALSE,27.4112580384766,9.78334196152338,,,,,,,,,,,,5.9,33.4,66.6,0,,FALSE,"Direct measurement"
"8BitDo","Pro 2","8BitDo - Pro 2 [Android]",,"BT (CSR8510)","Wireless","Bluetooth","YES","D",19.824,6.975,42.704,3.12,"Controller","4.0",41,"04/23/2021",200,"8BitDo - Pro 2 [Android]","8bitdo pro 2 android","",,,,FALSE,33.4946487921669,6.15315120783312,,,,,,,,,,,,8.9,32.5,64.8,2.7,,FALSE,"Direct measurement"
"Nintendo","Switch Pro","Nintendo - Switch Pro",,"8Bitdo Wireless Bluetooth (D-Input / Select + Left)","Wireless","Bluetooth","YES","D",19.881,6.858,183.956,7.152,"Controller","4.0",164,"06/06/2020",201,"Nintendo - Switch Pro","nintendo switch pro","",,,,FALSE,33.3224330059757,6.43956699402431,,,,,,,,,,,,8.5,32,65.5,2.5,,FALSE,"Direct measurement"
"8BitDo","SNES Conversion PCB","8BitDo - SNES Conversion PCB [Switch (Y+Start)]",,"BT (CSR8510)","Wireless","Bluetooth","NO","D",19.901,6.754,47.416,4.564,"Controller","4.0",73,"05/26/2020",202,"8BitDo - SNES Conversion PCB [Switch (Y+Start)]","8bitdo snes conversion pcb switch y start","",,,,FALSE,33.1390967515835,6.66390324841648,,,,,,,,,,,,8.3,31.6,66.1,2.3,,FALSE,"Direct measurement"
"8BitDo","SN30 Pro+","8BitDo - SN30 Pro+ [D-Input (B+Start)]",,"BT (CSR8510)","Wireless","Bluetooth","YES","D",20.081,8.092,64.136,3.468,"Controller","4.0",67,"06/10/2020",203,"8BitDo - SN30 Pro+ [D-Input (B+Start)]","8bitdo sn30 pro d input b start","",,,,FALSE,35.9412285628981,4.22117143710188,,,,,,,,,,,,10.8,33.7,61.3,5,,FALSE,"Direct measurement"
"8BitDo","SN30 Pro+","8BitDo - SN30 Pro+ [X-Input (X+Start)]",,"BT (CSR8510)","Wireless","Bluetooth","YES","D",20.145,8.185,62.588,3.688,"Controller","4.0",70,"06/10/2020",204,"8BitDo - SN30 Pro+ [X-Input (X+Start)]","8bitdo sn30 pro x input x start","",,,,FALSE,36.1869052134603,4.10229478653966,,,,,,,,,,,,10.9,33.5,61.1,5.4,,FALSE,"Direct measurement"
"8BitDo","SNES Conversion PCB","8BitDo - SNES Conversion PCB [Windows (X+Start)]",,"BT (CSR8510)","Wireless","Bluetooth","NO","D",20.176,6.742,40.388,4.552,"Controller","4.0",74,"05/26/2020",205,"8BitDo - SNES Conversion PCB [Windows (X+Start)]","8bitdo snes conversion pcb windows x start","",,,,FALSE,33.389977183769,6.96182281623096,,,,,,,,,,,,7.7,30.1,67.3,2.6,,FALSE,"Direct measurement"
"Nintendo","Switch Pro","Nintendo - Switch Pro",,"8Bitdo Wireless Bluetooth (MacOS / Select + Right)","Wireless","Bluetooth","YES","D",20.729,6.15,72.24,7.22,"Controller","4.0",165,"05/25/2020",206,"Nintendo - Switch Pro","nintendo switch pro","",,,,FALSE,32.7825785049213,8.67502149507867,,,,,,,,,,,,5.6,25.4,72.5,2.1,,FALSE,"Direct measurement"
"Nintendo","SNES Switch","Nintendo - SNES Switch",,"8Bitdo Wireless Bluetooth (D-Input / Select + Left)","Wireless","Bluetooth","NO","D",20.892,4.772,33.532,5.956,"Controller","4.0",159,"06/06/2020",207,"Nintendo - SNES Switch","nintendo snes switch","",,,,FALSE,30.2452481342251,11.5393518657749,,,,,,,,,,,,3,18.8,80.7,0.5,,FALSE,"Direct measurement"
"8BitDo","SNES Conversion PCB","8BitDo - SNES Conversion PCB [Android (B+Start)]",,"BT (CSR8510)","Wireless","Bluetooth","NO","D",21.139,7.393,53.584,3.848,"Controller","4.0",71,"05/26/2020",208,"8BitDo - SNES Conversion PCB [Android (B+Start)]","8bitdo snes conversion pcb android b start","",,,,FALSE,35.6290137377046,6.64898626229538,,,,,,,,,,,,7.4,27.3,67.8,4.9,,FALSE,"Direct measurement"
"Reyann","Zero Delay Arcade USB Encoder","Reyann - Zero Delay Arcade USB Encoder",,"Wired USB","Wired","-","NO","D",21.264,11.888,42.22,0.196,"Joystick Encoder","-",221,"05/27/2020",209,"Reyann - Zero Delay Arcade USB Encoder","reyann zero delay arcade usb encoder","",,,,FALSE,44.5637518482122,0,,,,,,,,,,,,16.8,34.9,49.6,15.5,,FALSE,"Direct measurement"
"Tata","Kiwitata","Tata - Kiwitata",,"Wired USB","Wired","-","NO","D",21.348,11.879,4.236,0.372,"Controller","4.0",236,"06/30/2020",210,"Tata - Kiwitata","tata kiwitata","",,,,FALSE,44.6305121723513,0,,,,,,,,,,,,16.6,34.7,49.7,15.6,,FALSE,"Direct measurement"
"8BitDo","Pro 2","8BitDo - Pro 2 [Switch]",,"8Bitdo Wireless Bluetooth","Wireless","Bluetooth","YES","D",21.485,9.27,152.596,6.676,"Controller","4.0",45,"04/23/2021",211,"8BitDo - Pro 2 [Switch]","8bitdo pro 2 switch","",,,,FALSE,39.6534661366863,3.3157338633137,,,,,,,,,,,,10.7,30.2,59.8,10,,FALSE,"Direct measurement"
"8BitDo","Pro 2","8BitDo - Pro 2 [Android]",,"8Bitdo Wireless Bluetooth","Wireless","Bluetooth","YES","D",22.422,6.589,44.064,7.62,"Controller","4.0",42,"04/23/2021",212,"8BitDo - Pro 2 [Android]","8bitdo pro 2 android","",,,,FALSE,35.3358026941344,9.50739730586559,,,,,,,,,,,,4.2,19.1,76,4.9,,FALSE,"Direct measurement"
"ASD","JammASD","ASD - JammASD",,"Wired USB","Wired","-","NO","D",25.303,2.601,35.164,17.532,"Joystick Encoder","-",75,"06/16/2020",213,"ASD - JammASD","asd jammasd","",,,,FALSE,30.4012663237887,20.2055336762113,,,,,,,,,,,,0,0,99.9,0.1,,FALSE,"Direct measurement"
"8BitDo","SN30 Pro+","8BitDo - SN30 Pro+",,"8Bitdo Wireless Bluetooth (X-Input / Select + Up)","Wireless","Bluetooth","YES","D",26.13,8.398,56.876,11.34,"Controller","4.0",62,"05/26/2020",214,"8BitDo - SN30 Pro+","8bitdo sn30 pro","",,,,FALSE,42.5896775421674,9.67012245783263,,,,,,,,,,,,3.3,13,67.5,19.5,,FALSE,"Direct measurement"
"Retro-Bit","Genesis 2.4 GHz","Retro-Bit - Genesis 2.4 GHz [D-Input]",,"2.4 GHz DE9 (DaemonBite)","Wireless","2.4 GHz","YES","D",29.667,7.818,142.932,15.072,"Controller","6.0",195,"05/30/2020",216,"Retro-Bit - Genesis 2.4 GHz [D-Input]","retro bit genesis 2 4 ghz d input","",,,,FALSE,44.9896984311341,14.3437015688659,,,,,,,,,,,,0.9,4.8,63.2,32,,FALSE,"Direct measurement"
"8BitDo","SN30 Pro+","8BitDo - SN30 Pro+",,"8Bitdo Wireless Bluetooth (D-Input / Select + Left)","Wireless","Bluetooth","YES","D",30.327,19.278,190.78,5.016,"Controller","4.0",64,"05/26/2020",217,"8BitDo - SN30 Pro+","8bitdo sn30 pro","",,,,FALSE,68.1111856939632,0,,,,,,,,,,,,16.3,23.9,32.3,43.8,,FALSE,"Direct measurement"
"Logitech","Dual Action Gamepad USB","Logitech - Dual Action Gamepad USB",,"Wired USB","Wired","-","NO","D",32.187,6.102,43.084,21.284,"Controller","4.0",127,"06/11/2020",219,"Logitech - Dual Action Gamepad USB","logitech dual action gamepad usb","",,,,FALSE,44.1462002336634,20.2267997663366,,,,,,,,,,,,0.1,0.5,56.9,42.6,,FALSE,"Direct measurement"
"Sony","DualShock 4 (Rev2)","Sony - DualShock 4 (Rev2)",,"Sony DualShock 4 Official Wireless Adapter","Wireless","Bluetooth","YES","D",32.831,7.076,52.812,14.708,"Controller","4.0",233,"05/25/2020",220,"Sony - DualShock 4 (Rev2)","sony dualshock 4 rev2","",,,,FALSE,46.6996051546054,18.9621948453946,,,,,,,,,,,,0.2,1.1,51.7,47.2,,FALSE,"Direct measurement"
"Hori","Fighting Commander Wii Classic","Hori - Fighting Commander Wii Classic",,"Wireless Wii Classic Receiver (via MayFlash Wii Classic USB)","Wireless","2.4 GHz","NO","D",34.115,21.343,103.67,6.06,"Controller","6.0",108,"08/08/2021",222,"Hori - Fighting Commander Wii Classic","hori fighting commander wii classic","",,,,FALSE,75.946096631406,0,,,,,,,,,,,,14.9,20.7,27.9,51.4,,FALSE,"Direct measurement"
"Nintendo","Wii U Pro","Nintendo - Wii U Pro",,"BT (CSR8510)","Wireless","Bluetooth","YES","D",35.276,2.909,49.328,27.584,"Controller","4.0",171,"05/25/2020",223,"Nintendo - Wii U Pro","nintendo wii u pro","",,,,FALSE,40.977835231027,29.574764768973,,,,,,,,,,,,0,0,25.2,74.8,,FALSE,"Direct measurement"
"Nintendo","Wii U Pro","Nintendo - Wii U Pro",,"8Bitdo Wireless Bluetooth (X-Input / Select + Up)","Wireless","Bluetooth","YES","D",35.62,3.419,48.02,26.576,"Controller","4.0",172,"06/06/2020",224,"Nintendo - Wii U Pro","nintendo wii u pro","",,,,FALSE,42.3210168631424,28.9187831368576,,,,,,,,,,,,0,0,25.2,74.8,,FALSE,"Direct measurement"
"Nintendo","Wii U Pro","Nintendo - Wii U Pro",,"8Bitdo Wireless Bluetooth (D-Input / Select + Left)","Wireless","Bluetooth","YES","D",35.782,3.373,45.776,26.668,"Controller","4.0",173,"06/06/2020",225,"Nintendo - Wii U Pro","nintendo wii u pro","",,,,FALSE,42.3934585198536,29.1715414801464,,,,,,,,,,,,0,0,23.4,76.6,,FALSE,"Direct measurement"
"Hori","Fighting Commander Wii Classic","Hori - Fighting Commander Wii Classic",,"Wireless Wii Classic Receiver (via 8BitDo GC/Wii Classic to Xbox/Switch adapter)","Wireless","2.4 GHz","NO","D",36.071,21.157,91.67,7.29,"Controller","6.0",109,"08/08/2021",226,"Hori - Fighting Commander Wii Classic","hori fighting commander wii classic","",,,,FALSE,77.5382778235554,0,,,,,,,,,,,,12.4,18,26.9,55.1,,FALSE,"Direct measurement"
"Microsoft","SideWinder Game Pad USB","Microsoft - SideWinder Game Pad USB",,"Wired USB","Wired","-","NO","D",40.709,1.217,43.26,38.18,"Controller","6.0",147,"08/08/2021",227,"Microsoft - SideWinder Game Pad USB","microsoft sidewinder game pad usb","",,,,FALSE,43.093720182027,38.324186777973,,,,,,,,,,,,0,0,0,100,,FALSE,"Direct measurement"
